{"stats":{"minecraft:picked_up":{"minecraft:porkchop":5,"minecraft:snowball":1,"minecraft:wheat_seeds":3},"minecraft:custom":{"minecraft:jump":332,"minecraft:time_since_rest":6280,"minecraft:damage_dealt":108,"minecraft:deaths":3,"minecraft:crouch_one_cm":47,"minecraft:walk_on_water_one_cm":2954,"minecraft:sprint_one_cm":34689,"minecraft:play_time":12123,"minecraft:damage_taken":815,"minecraft:time_since_death":6254,"minecraft:walk_one_cm":7994,"minecraft:sneak_time":67,"minecraft:total_world_time":12123,"minecraft:walk_under_water_one_cm":509,"minecraft:swim_one_cm":4867,"minecraft:fall_one_cm":16843,"minecraft:fly_one_cm":164980},"minecraft:used":{"minecraft:snowball":1},"minecraft:killed_by":{"alexsmobs:tusklin":2},"minecraft:mined":{"minecraft:grass":15,"minecraft:fern":8}},"DataVersion":3120}