{"stats":{"minecraft:picked_up":{"minecraft:wooden_axe":1,"byg:windswept_sand":4,"minecraft:wheat":8,"byg:redwood_planks":1,"byg:amaranth":2,"minecraft:brewing_stand":2,"minecraft:string":8,"byg:jacaranda_boat":3,"byg:red_rock":713,"byg:pine_log":1,"mysticalagriculture:inferium_essence":16,"minecraft:cobbled_deepslate":3,"minecraft:iron_pickaxe":1,"minecraft:melon_slice":52,"vampirism:crossbow_arrow_normal":4,"minecraft:furnace":3,"botania:lexicon":3,"minecraft:stick":6,"minecraft:brown_terracotta":2,"minecraft:acacia_log":6,"minecraft:torch":54,"minecraft:green_bed":4,"minecraft:spruce_stairs":1,"minecraft:sandstone_wall":2,"vampirism:holy_water_bottle_enhanced":2,"vampirism:vampire_fang":1,"minecraft:diorite":13,"byg:prickly_pear_cactus":1,"minecraft:goat_horn":1,"vampirism:blood_bottle":1,"minecraft:rotten_flesh":137,"botania:light_gray_mystical_flower":1,"minecraft:white_terracotta":6,"minecraft:snowball":1,"minecraft:cobblestone":306,"tconstruct:seared_bricks":8,"minecraft:birch_log":45,"vampirism:weapon_table":2,"minecraft:jungle_log":9,"byg:mahogany_door":3,"minecraft:smoker":4,"minecraft:flint":13,"minecraft:lapis_lazuli":14,"minecraft:dirt":197,"minecraft:lantern":4,"minecraft:bone":17,"minecraft:bow":1,"minecraft:wheat_seeds":8,"minecraft:raw_gold":14,"vampirism:item_garlic":8,"byg:stripped_baobab_log":1,"minecraft:oak_planks":2,"vampirism:armor_of_swiftness_feet_ultimate":2,"byg:jacaranda_planks":74,"minecraft:jungle_planks":8,"minecraft:sand":152,"minecraft:stripped_spruce_log":4,"minecraft:red_terracotta":8,"alexsmobs:animal_dictionary":1,"sons_of_sins:flesh_of_demise":2,"minecraft:light_gray_terracotta":13,"minecraft:blue_terracotta":1,"minecraft:writable_book":1,"alexsmobs:rattlesnake_rattle":1,"minecraft:crossbow":1,"minecraft:granite":1,"minecraft:golden_horse_armor":2,"minecraft:emerald":1,"minecraft:bread":33,"minecraft:oak_sapling":1,"byg:pine_planks":1,"tconstruct:crafting_station":4,"minecraft:crafting_table":2,"byg:soapstone":7,"byg:red_rock_bricks":14,"minecraft:clay_ball":52,"tconstruct:materials_and_you":2,"byg:peat":167,"minecraft:moss_carpet":1,"minecraft:birch_fence":1,"byg:pink_sand":7,"byg:redwood_log":1,"byg:baobab_fruit":1,"minecraft:jungle_sapling":1,"minecraft:iron_nugget":19,"byg:shrub":7,"minecraft:lectern":2,"minecraft:chest":5,"minecraft:sugar_cane":62,"byg:mini_cactus":1,"minecraft:phantom_membrane":2,"minecraft:raw_iron":28,"minecraft:sandstone":4,"minecraft:carrot":8,"minecraft:smooth_sandstone_slab":1,"byg:yellow_birch_sapling":2,"minecraft:arrow":7,"minecraft:hay_block":5,"byg:orange_amaranth":2,"minecraft:glow_berries":1,"minecraft:mutton":6,"minecraft:white_wool":10,"minecraft:stripped_oak_log":10,"minecraft:leather":2,"minecraft:birch_planks":254,"minecraft:oak_log":84,"byg:white_anemone":2,"minecraft:gunpowder":11,"byg:aloe_vera":1,"byg:firecracker_flower_bush":26,"byg:magenta_amaranth":4,"byg:cyan_amaranth":2,"minecraft:orange_terracotta":29,"vampirism:human_heart":1,"minecraft:stone_pickaxe":1,"byg:jacaranda_log":49,"minecraft:book":222,"minecraft:dark_oak_slab":1,"byg:peach_leather_flower":1,"minecraft:gravel":107,"minecraft:spruce_sapling":8,"minecraft:spruce_log":109,"minecraft:slime_ball":6,"minecraft:stone_axe":1,"botania:orange_mystical_flower":8,"tconstruct:pattern":4,"minecraft:terracotta":64,"minecraft:acacia_slab":2,"minecraft:mangrove_propagule":2,"minecraft:coal":605,"minecraft:ender_pearl":1},"minecraft:broken":{"minecraft:iron_shovel":2,"minecraft:stone_pickaxe":1,"minecraft:shield":1,"minecraft:iron_axe":3,"minecraft:iron_pickaxe":3},"minecraft:dropped":{"byg:biomepedia":1,"byg:peat":38,"byg:cyan_amaranth":1,"vampirism:human_heart":1,"byg:red_rock":114,"byg:white_anemone":1,"minecraft:dark_oak_slab":1,"minecraft:crossbow":1,"minecraft:leather":3,"minecraft:jungle_planks":4,"byg:yellow_birch_sapling":2,"minecraft:dirt":38,"minecraft:birch_fence":1,"tconstruct:materials_and_you":1,"minecraft:mutton":3,"byg:magenta_amaranth":3,"minecraft:snowball":1,"minecraft:jungle_sapling":1,"minecraft:writable_book":1,"minecraft:sand":11,"minecraft:iron_pickaxe":1,"minecraft:white_wool":8,"byg:peach_leather_flower":1,"minecraft:bone":13,"tconstruct:pattern":2,"minecraft:stone_axe":2,"minecraft:sugar_cane":62,"minecraft:iron_nugget":12,"minecraft:cobbled_deepslate":3,"alexsmobs:animal_dictionary":2,"byg:aloe_vera":1,"minecraft:wheat":8,"vampirism:holy_water_bottle_enhanced":1,"minecraft:rotten_flesh":113,"minecraft:oak_planks":2,"vampirism:blood_bottle":1,"minecraft:sandstone_wall":1,"minecraft:gunpowder":4,"mysticalagriculture:inferium_essence":12,"minecraft:acacia_slab":2,"minecraft:arrow":2,"minecraft:glass":2,"byg:mahogany_door":1,"botania:black_lotus":1,"botania:light_gray_mystical_flower":1,"minecraft:bread":6,"vampirism:armor_of_swiftness_feet_ultimate":1,"minecraft:wheat_seeds":8,"minecraft:golden_horse_armor":1,"vampirism:vampire_book":1,"minecraft:mangrove_propagule":1,"botania:orange_mystical_flower":4,"minecraft:feather":5,"minecraft:cobblestone":100,"alexsmobs:rattlesnake_rattle":1,"minecraft:granite":1,"minecraft:coal":128,"vampirism:amulet":1,"minecraft:spruce_stairs":1,"minecraft:stick":8,"minecraft:diorite":6,"minecraft:torch":3,"minecraft:green_dye":1,"byg:firecracker_flower_bush":24,"byg:soapstone":1,"minecraft:wooden_axe":2,"minecraft:brown_terracotta":2,"minecraft:smooth_sandstone_slab":1,"minecraft:cactus":18,"vampirism:ring":1,"minecraft:string":12,"minecraft:acacia_planks":4,"minecraft:spruce_sapling":4,"minecraft:redstone":1,"minecraft:furnace":1,"minecraft:moss_carpet":1,"byg:prickly_pear_cactus":1,"byg:shrub":6,"minecraft:green_bed":3,"botania:overgrowth_seed":1,"minecraft:smoker":1,"minecraft:red_terracotta":2,"botania:lexicon":2,"minecraft:orange_terracotta":2,"byg:mini_cactus":1,"vampirism:crossbow_arrow_normal":2,"byg:amaranth":1,"minecraft:slime_ball":2,"minecraft:sandstone":4,"minecraft:bow":1,"byg:orange_amaranth":2,"minecraft:stone_pickaxe":2,"minecraft:wooden_pickaxe":1,"minecraft:terracotta":3},"minecraft:mined":{"minecraft:mossy_stone_brick_slab":1,"tconstruct:seared_bricks":8,"minecraft:brewing_stand":2,"byg:mahogany_door":3,"minecraft:acacia_log":6,"minecraft:grass_block":111,"minecraft:jungle_log":9,"vampirism:weapon_table":1,"botania:light_gray_mystical_flower":1,"byg:redwood_planks":2,"minecraft:iron_ore":25,"byg:tall_beach_grass":1,"byg:indigo_jacaranda_leaves":6,"byg:pink_sand":7,"minecraft:green_bed":4,"botania:orange_mystical_flower":2,"minecraft:kelp_plant":1,"minecraft:smoker":2,"byg:golden_spined_cactus":4,"minecraft:orange_terracotta":31,"minecraft:light_gray_terracotta":13,"minecraft:clay":13,"minecraft:torch":3,"minecraft:melon":10,"byg:yellow_birch_leaves":22,"minecraft:chest":5,"minecraft:dead_bush":2,"byg:firecracker_flower_bush":24,"minecraft:cobblestone":1,"byg:blue_sandstone":1,"minecraft:sugar_cane":20,"minecraft:smooth_sandstone_slab":1,"minecraft:wall_torch":1,"minecraft:white_terracotta":6,"byg:soapstone":7,"minecraft:blue_terracotta":1,"minecraft:dark_oak_slab":1,"byg:cyan_amaranth":3,"minecraft:birch_log":46,"byg:red_rock_bricks":14,"byg:jacaranda_planks":24,"minecraft:stone_brick_stairs":2,"minecraft:grass":59,"minecraft:oak_log":86,"minecraft:sand":143,"tconstruct:crafting_station":4,"minecraft:dirt":101,"byg:blueberry_bush":1,"minecraft:sandstone_wall":3,"byg:baobab_fruit_block":1,"minecraft:oak_leaves":20,"mysticalagriculture:prosperity_ore":1,"minecraft:purple_glazed_terracotta":1,"byg:redwood_log":1,"minecraft:spruce_fence":1,"byg:jacaranda_log":51,"minecraft:spruce_leaves":27,"minecraft:acacia_slab":2,"minecraft:moss_block":1,"minecraft:mangrove_propagule":1,"minecraft:sandstone":10,"minecraft:furnace":2,"byg:pink_sandstone":1,"minecraft:snow":1,"minecraft:andesite":3,"byg:aloe_vera":1,"minecraft:stripped_spruce_log":4,"byg:magenta_amaranth":4,"minecraft:bookshelf":75,"minecraft:vine":2,"byg:white_anemone":1,"byg:orange_amaranth":2,"minecraft:stripped_oak_log":10,"byg:stripped_baobab_log":1,"minecraft:stone":270,"byg:firecracker_leaves":7,"byg:flowering_indigo_jacaranda_leaves":1,"minecraft:acacia_leaves":2,"minecraft:stone_brick_slab":1,"minecraft:crafting_table":2,"minecraft:emerald_ore":1,"minecraft:lectern":2,"byg:mini_cactus":1,"minecraft:lapis_ore":2,"minecraft:diorite":9,"minecraft:spruce_stairs":1,"botania:pink_mystical_flower":1,"byg:prickly_pear_cactus":1,"minecraft:birch_planks":265,"minecraft:red_terracotta":8,"minecraft:spruce_log":114,"byg:red_rock":394,"byg:leaf_pile":1,"byg:pine_log":1,"byg:windswept_sand":4,"vampirism:garlic":8,"minecraft:coal_ore":176,"minecraft:gravel":122,"byg:peat":138,"minecraft:terracotta":71,"byg:shrub":5,"minecraft:mossy_stone_bricks":1,"minecraft:gold_ore":14,"minecraft:birch_fence":1,"minecraft:fern":1},"minecraft:killed":{"enemyexpansion:equestrian":1,"minecraft:spider":3,"minecraft:skeleton":3,"minecraft:zombie_villager":1,"minecraft:creeper":3,"vampirism:hunter":3,"minecraft:sheep":2,"enemyexpansion:meature":1,"minecraft:zombie":15,"enemyexpansion:botfly":5,"minecraft:stray":1,"enemyexpansion:intruder":1,"enemyexpansion:direwolf":3,"alexsmobs:rattlesnake":1,"minecraft:phantom":3,"enemyexpansion:faller":1,"minecraft:llama":2,"enemyexpansion:scorpion":1,"enemyexpansion:sprinter":1,"sons_of_sins:betrayed_guzzler":3,"minecraft:enderman":1},"minecraft:used":{"byg:baobab_fruit":2,"minecraft:blue_terracotta":1,"minecraft:writable_book":2,"minecraft:iron_shovel":582,"byg:jacaranda_log":4,"minecraft:chest":7,"minecraft:shield":60,"byg:pine_planks":1,"minecraft:iron_sword":28,"byg:jacaranda_boat":2,"minecraft:iron_chestplate":1,"byg:red_rock_bricks":23,"byg:magenta_amaranth":1,"byg:white_anemone":1,"byg:amaranth":1,"minecraft:bow":4,"minecraft:oak_sapling":1,"minecraft:furnace":7,"byg:pink_sand":7,"minecraft:oak_planks":2,"minecraft:stone_pickaxe":347,"minecraft:wooden_pickaxe":8,"byg:peat":31,"minecraft:glow_berries":1,"minecraft:bread":140,"byg:mahogany_door":2,"sons_of_sins:flesh_of_demise":1,"tconstruct:crafting_station":5,"byg:jacaranda_planks":24,"byg:firecracker_flower_bush":1,"minecraft:sandstone_wall":1,"simpletomb:grave_key":11,"minecraft:torch":65,"minecraft:dirt":109,"tconstruct:seared_bricks":42,"minecraft:wooden_axe":27,"minecraft:iron_axe":866,"byg:windswept_sandstone":1,"tconstruct:tinker_station":1,"tconstruct:part_builder":1,"minecraft:water_bucket":3,"minecraft:birch_planks":333,"minecraft:green_bed":1,"minecraft:crafting_table":4,"minecraft:spruce_log":109,"minecraft:smoker":2,"minecraft:oak_log":46,"minecraft:iron_pickaxe":754,"minecraft:spruce_sapling":4,"minecraft:stone_axe":140,"minecraft:cobblestone":39,"travelersbackpack:standard":5,"byg:redwood_planks":2,"byg:cyan_amaranth":1,"minecraft:bucket":4,"alexsmobs:animal_dictionary":1,"byg:red_rock":2},"minecraft:crafted":{"minecraft:oak_planks":32,"tconstruct:puny_smelting":1,"minecraft:glass":14,"tconstruct:seared_brick":136,"minecraft:chest":1,"minecraft:crafting_table":4,"minecraft:wooden_pickaxe":1,"travelersbackpack:standard":1,"minecraft:hay_block":11,"minecraft:birch_planks":180,"byg:redwood_planks":4,"byg:windswept_sandstone":1,"minecraft:iron_chestplate":1,"minecraft:shield":1,"minecraft:stick":20,"minecraft:iron_ingot":36,"minecraft:iron_pickaxe":1,"minecraft:gold_ingot":6,"byg:red_rock_bricks":28,"tconstruct:seared_bricks":34,"tconstruct:pattern":9,"tconstruct:part_builder":1,"minecraft:furnace":2,"byg:baobab_planks":4,"travelersbackpack:white_sleeping_bag":1,"minecraft:iron_axe":1,"minecraft:stone_pickaxe":1,"travelersbackpack:backpack_tank":2,"minecraft:iron_sword":1,"botania:lexicon":1,"minecraft:stone_axe":1,"minecraft:bread":9,"minecraft:air":0,"minecraft:jungle_planks":36,"minecraft:white_wool":1,"tconstruct:crafting_station":1,"minecraft:wooden_axe":1,"minecraft:acacia_planks":24,"minecraft:torch":12},"minecraft:killed_by":{"minecraft:creeper":1,"alexsmobs:crocodile":1,"vampirism:vampire":1,"enemyexpansion:invisicreeper":1,"vampirism:advanced_hunter":1,"enemyexpansion:equestrian":2,"enemyexpansion:direwolf":1,"mowziesmobs:foliaath":1},"minecraft:custom":{"minecraft:interact_with_crafting_table":24,"minecraft:open_barrel":10,"minecraft:leave_game":4,"minecraft:time_since_death":55052,"minecraft:sprint_one_cm":921589,"minecraft:damage_blocked_by_shield":3160,"minecraft:drop":157,"minecraft:talked_to_villager":1,"minecraft:play_time":321108,"minecraft:deaths":9,"minecraft:jump":8044,"minecraft:walk_on_water_one_cm":39458,"minecraft:interact_with_furnace":76,"minecraft:sleep_in_bed":3,"minecraft:waystone_activated":2,"minecraft:damage_dealt":13710,"minecraft:crouch_one_cm":7914,"minecraft:interact_with_smoker":11,"minecraft:mob_kills":59,"minecraft:damage_dealt_resisted":216,"minecraft:climb_one_cm":11477,"minecraft:walk_one_cm":488426,"minecraft:sneak_time":3955,"minecraft:walk_under_water_one_cm":18329,"minecraft:boat_one_cm":289602,"minecraft:total_world_time":321108,"minecraft:time_since_rest":16763,"minecraft:damage_taken":7889,"minecraft:trigger_trapped_chest":3,"minecraft:swim_one_cm":102988,"minecraft:fly_one_cm":1756187,"minecraft:open_chest":109,"minecraft:fall_one_cm":265784}},"DataVersion":3120}