{"stats":{"minecraft:mined":{"minecraft:purple_glazed_terracotta":1,"mysticalagriculture:prosperity_ore":1,"minecraft:mossy_stone_brick_slab":1,"minecraft:brewing_stand":2,"byg:mahogany_door":3,"minecraft:grass_block":1,"minecraft:spruce_fence":1,"byg:jacaranda_log":51,"minecraft:jungle_log":9,"minecraft:sandstone":10,"botania:light_gray_mystical_flower":1,"byg:pink_sandstone":1,"minecraft:iron_ore":1,"byg:tall_beach_grass":1,"minecraft:andesite":3,"byg:magenta_amaranth":4,"byg:indigo_jacaranda_leaves":6,"minecraft:bookshelf":32,"minecraft:vine":2,"byg:pink_sand":7,"byg:orange_amaranth":2,"minecraft:stone":104,"minecraft:green_bed":3,"byg:flowering_indigo_jacaranda_leaves":1,"minecraft:kelp_plant":1,"byg:golden_spined_cactus":4,"minecraft:orange_terracotta":2,"minecraft:stone_brick_slab":1,"minecraft:crafting_table":1,"minecraft:torch":1,"minecraft:melon":10,"minecraft:dead_bush":1,"minecraft:lectern":2,"byg:firecracker_flower_bush":3,"byg:mini_cactus":1,"minecraft:cobblestone":1,"minecraft:lapis_ore":2,"byg:blue_sandstone":1,"minecraft:sugar_cane":12,"minecraft:diorite":2,"minecraft:smooth_sandstone_slab":1,"minecraft:spruce_stairs":1,"byg:prickly_pear_cactus":1,"byg:soapstone":7,"minecraft:blue_terracotta":1,"minecraft:dark_oak_slab":1,"byg:cyan_amaranth":3,"minecraft:stone_brick_stairs":2,"byg:windswept_sand":4,"minecraft:grass":8,"minecraft:oak_log":4,"minecraft:coal_ore":36,"minecraft:gravel":2,"minecraft:sand":32,"minecraft:dirt":15,"minecraft:mossy_stone_bricks":1,"minecraft:gold_ore":14,"minecraft:oak_leaves":2,"minecraft:birch_fence":1},"minecraft:killed_by":{"alexsmobs:crocodile":1,"mowziesmobs:foliaath":1,"enemyexpansion:invisicreeper":1},"minecraft:killed":{"enemyexpansion:intruder":1,"enemyexpansion:faller":1,"enemyexpansion:scorpion":1,"enemyexpansion:sprinter":1,"minecraft:creeper":1,"minecraft:sheep":2,"sons_of_sins:betrayed_guzzler":1},"minecraft:custom":{"minecraft:mob_kills":8,"minecraft:interact_with_crafting_table":23,"minecraft:open_barrel":9,"minecraft:leave_game":3,"minecraft:time_since_death":39142,"minecraft:climb_one_cm":4069,"minecraft:sprint_one_cm":317878,"minecraft:walk_one_cm":109001,"minecraft:drop":58,"minecraft:talked_to_villager":1,"minecraft:play_time":105969,"minecraft:deaths":3,"minecraft:sneak_time":758,"minecraft:walk_under_water_one_cm":13775,"minecraft:boat_one_cm":288212,"minecraft:jump":2852,"minecraft:walk_on_water_one_cm":18369,"minecraft:total_world_time":105969,"minecraft:interact_with_furnace":20,"minecraft:time_since_rest":39203,"minecraft:waystone_activated":1,"minecraft:damage_taken":2419,"minecraft:trigger_trapped_chest":3,"minecraft:damage_dealt":1425,"minecraft:swim_one_cm":71688,"minecraft:fly_one_cm":733829,"minecraft:open_chest":40,"minecraft:crouch_one_cm":1257,"minecraft:fall_one_cm":97542},"minecraft:picked_up":{"minecraft:wooden_axe":1,"byg:windswept_sand":4,"minecraft:crafting_table":1,"byg:soapstone":7,"minecraft:wheat":2,"byg:amaranth":2,"minecraft:brewing_stand":2,"minecraft:string":7,"byg:jacaranda_boat":2,"minecraft:birch_fence":1,"mysticalagriculture:inferium_essence":6,"minecraft:cobbled_deepslate":3,"byg:pink_sand":7,"minecraft:jungle_sapling":1,"minecraft:iron_nugget":19,"minecraft:lectern":2,"minecraft:melon_slice":52,"minecraft:sugar_cane":46,"byg:mini_cactus":1,"minecraft:furnace":1,"minecraft:sandstone":4,"minecraft:stick":2,"minecraft:raw_iron":2,"minecraft:brown_terracotta":2,"minecraft:torch":14,"minecraft:green_bed":3,"minecraft:spruce_stairs":1,"minecraft:diorite":6,"byg:prickly_pear_cactus":1,"minecraft:goat_horn":1,"minecraft:smooth_sandstone_slab":1,"vampirism:blood_bottle":1,"minecraft:rotten_flesh":2,"botania:light_gray_mystical_flower":1,"byg:orange_amaranth":2,"minecraft:glow_berries":1,"minecraft:mutton":6,"minecraft:white_wool":10,"minecraft:cobblestone":137,"minecraft:jungle_log":9,"byg:mahogany_door":3,"minecraft:oak_log":4,"minecraft:lapis_lazuli":14,"byg:magenta_amaranth":4,"byg:firecracker_flower_bush":3,"minecraft:dirt":16,"minecraft:lantern":4,"byg:cyan_amaranth":2,"minecraft:orange_terracotta":2,"minecraft:raw_gold":14,"byg:jacaranda_log":49,"minecraft:oak_planks":2,"minecraft:book":96,"minecraft:dark_oak_slab":1,"minecraft:sand":33,"minecraft:blue_terracotta":1,"minecraft:stone_axe":1,"minecraft:writable_book":1,"minecraft:granite":1,"byg:pine_planks":1,"minecraft:coal":45},"minecraft:used":{"minecraft:writable_book":2,"byg:jacaranda_log":4,"byg:firecracker_flower_bush":1,"byg:pine_planks":1,"byg:jacaranda_boat":1,"simpletomb:grave_key":3,"minecraft:iron_chestplate":1,"minecraft:torch":6,"byg:magenta_amaranth":1,"minecraft:wooden_axe":27,"minecraft:iron_axe":34,"byg:windswept_sandstone":1,"byg:amaranth":1,"minecraft:furnace":2,"byg:pink_sand":7,"minecraft:stone_pickaxe":121,"minecraft:oak_planks":2,"minecraft:wooden_pickaxe":8,"minecraft:glow_berries":1,"minecraft:crafting_table":3,"minecraft:bread":47,"minecraft:iron_pickaxe":76,"byg:mahogany_door":2,"minecraft:stone_axe":101,"travelersbackpack:standard":1,"minecraft:cobblestone":32,"byg:cyan_amaranth":1,"alexsmobs:animal_dictionary":1},"minecraft:crafted":{"minecraft:oak_planks":16,"minecraft:furnace":2,"minecraft:glass":14,"travelersbackpack:white_sleeping_bag":1,"minecraft:iron_axe":1,"minecraft:stone_pickaxe":1,"minecraft:chest":1,"minecraft:crafting_table":2,"travelersbackpack:backpack_tank":2,"minecraft:wooden_pickaxe":1,"travelersbackpack:standard":1,"minecraft:stone_axe":1,"minecraft:bread":9,"minecraft:air":0,"minecraft:jungle_planks":36,"byg:windswept_sandstone":1,"minecraft:white_wool":1,"minecraft:iron_chestplate":1,"minecraft:shield":1,"minecraft:stick":20,"minecraft:iron_ingot":10,"minecraft:iron_pickaxe":1,"minecraft:wooden_axe":1,"minecraft:gold_ingot":6,"minecraft:torch":12},"minecraft:dropped":{"byg:biomepedia":1,"byg:cyan_amaranth":1,"minecraft:bread":6,"minecraft:dark_oak_slab":1,"minecraft:feather":5,"minecraft:cobblestone":62,"minecraft:leather":1,"minecraft:granite":1,"minecraft:spruce_stairs":1,"minecraft:stick":2,"minecraft:dirt":16,"minecraft:diorite":6,"minecraft:green_dye":1,"minecraft:mutton":3,"byg:magenta_amaranth":3,"byg:soapstone":1,"minecraft:wooden_axe":2,"minecraft:brown_terracotta":2,"minecraft:jungle_sapling":1,"minecraft:writable_book":1,"minecraft:smooth_sandstone_slab":1,"minecraft:cactus":18,"minecraft:white_wool":8,"minecraft:bone":8,"minecraft:furnace":1,"minecraft:stone_axe":2,"byg:prickly_pear_cactus":1,"minecraft:sugar_cane":15,"minecraft:iron_nugget":12,"alexsmobs:animal_dictionary":1,"minecraft:cobbled_deepslate":3,"minecraft:green_bed":2,"minecraft:wheat":2,"minecraft:rotten_flesh":2,"minecraft:oak_planks":2,"mysticalagriculture:inferium_essence":5,"byg:amaranth":1,"minecraft:wooden_pickaxe":1,"byg:orange_amaranth":2,"minecraft:stone_pickaxe":1,"byg:mahogany_door":1,"botania:light_gray_mystical_flower":1}},"DataVersion":3120}