{"stats":{"minecraft:picked_up":{"minecraft:wheat":8,"minecraft:crafting_table":2,"minecraft:black_carpet":1,"minecraft:feather":2,"byg:lush_dirt":15,"byg:foxglove":1,"minecraft:leather":3,"minecraft:smoker":2,"minecraft:filled_map":1,"alexsmobs:bison_fur":2,"minecraft:oak_log":8,"byg:dacite_cobblestone":12,"minecraft:string":9,"minecraft:dirt":53,"minecraft:paper":5,"minecraft:lantern":3,"vampirism:human_heart":1,"minecraft:wheat_seeds":7,"mysticalagriculture:inferium_essence":1,"minecraft:iron_ingot":1,"minecraft:beef":10,"minecraft:sugar_cane":21,"minecraft:chest":1,"minecraft:oak_planks":29,"minecraft:furnace":2,"minecraft:scaffolding":1,"minecraft:torch":4,"minecraft:porkchop":5,"byg:green_apple":1,"minecraft:diorite":8,"minecraft:spruce_log":1,"byg:skyris_log":4,"minecraft:rotten_flesh":6,"byg:skyris_crafting_table":3,"byg:aspen_log":1,"minecraft:stone_axe":1,"byg:aspen_planks":2,"waystones:waystone":1,"minecraft:hay_block":24,"byg:skyris_planks":13,"minecraft:oak_sapling":1,"minecraft:coal":67,"minecraft:snowball":1,"minecraft:white_wool":16,"minecraft:cobblestone":142},"minecraft:custom":{"minecraft:interact_with_furnace":13,"minecraft:mob_kills":19,"minecraft:interact_with_crafting_table":8,"minecraft:leave_game":3,"minecraft:time_since_death":0,"minecraft:climb_one_cm":1585,"minecraft:time_since_rest":232,"minecraft:waystone_activated":1,"minecraft:sprint_one_cm":284138,"minecraft:damage_taken":2312,"minecraft:walk_one_cm":97506,"minecraft:drop":17,"minecraft:damage_dealt":2533,"minecraft:swim_one_cm":18558,"minecraft:fly_one_cm":799950,"minecraft:open_chest":9,"minecraft:crouch_one_cm":478,"minecraft:play_time":84763,"minecraft:deaths":5,"minecraft:sneak_time":338,"minecraft:walk_under_water_one_cm":2527,"minecraft:jump":2785,"minecraft:walk_on_water_one_cm":12768,"minecraft:interact_with_smoker":6,"minecraft:total_world_time":84763,"minecraft:fall_one_cm":108907},"minecraft:crafted":{"minecraft:cooked_beef":10,"minecraft:oak_planks":32,"minecraft:cyan_dye":2,"minecraft:cooked_porkchop":5,"byg:skyris_crafting_table":1,"minecraft:crafting_table":1,"minecraft:wooden_pickaxe":1,"minecraft:furnace":1,"minecraft:stone_axe":2,"minecraft:bread":21,"minecraft:air":0,"byg:skyris_planks":16,"minecraft:stick":12,"minecraft:iron_ingot":1,"minecraft:stone_pickaxe":1,"minecraft:shears":1,"byg:aspen_planks":4,"minecraft:wheat":64},"minecraft:killed_by":{"enemyexpansion:sprinter":1,"minecraft:creeper":1,"alexsmobs:tusklin":2},"minecraft:killed":{"vampirism:vampire":1,"minecraft:spider":2,"enemyexpansion:sprinter":2,"enemyexpansion:direwolf":1,"enemyexpansion:meature":2,"minecraft:zombie":1,"minecraft:chicken":1,"enemyexpansion:botfly":2,"alexsmobs:bison":1,"enemyexpansion:slugger":1,"minecraft:cow":2},"minecraft:used":{"byg:skyris_crafting_table":3,"minecraft:stone_pickaxe":145,"minecraft:wooden_pickaxe":31,"simpletomb:grave_key":1,"minecraft:torch":11,"minecraft:dirt":2,"minecraft:crafting_table":2,"byg:aspen_planks":2,"minecraft:snowball":1,"minecraft:smoker":1,"minecraft:apple":5,"byg:skyris_planks":5,"minecraft:lantern":2,"minecraft:bread":6,"minecraft:stone_axe":76,"minecraft:cobblestone":15,"minecraft:oak_sapling":1,"minecraft:furnace":2,"minecraft:cooked_porkchop":3,"byg:green_apple":1,"minecraft:cooked_beef":10},"minecraft:mined":{"byg:dacite":3,"byg:clover_patch":1,"minecraft:scaffolding":1,"byg:aspen_planks":2,"minecraft:smoker":2,"minecraft:basalt":1,"minecraft:torch":2,"minecraft:crafting_table":2,"minecraft:grass_block":10,"byg:aspen_log":1,"byg:podzol_dacite":8,"minecraft:chest":1,"byg:skyris_log":4,"minecraft:tall_grass":1,"minecraft:cobblestone":1,"byg:overgrown_dacite":1,"minecraft:sugar_cane":12,"botania:light_gray_mystical_flower":1,"minecraft:diorite":8,"minecraft:wall_torch":2,"minecraft:hay_block":16,"minecraft:oak_trapdoor":1,"byg:skyris_crafting_table":3,"minecraft:furnace":2,"minecraft:iron_ore":2,"byg:green_apple_fruit_block":1,"minecraft:spruce_log":1,"byg:foxglove":1,"minecraft:grass":32,"byg:skyris_planks":3,"minecraft:coal_ore":15,"minecraft:oak_log":8,"minecraft:lantern":3,"byg:tall_pink_allium":1,"minecraft:dirt":44,"minecraft:stone":117,"minecraft:oak_leaves":3,"minecraft:fern":9},"minecraft:dropped":{"minecraft:stone_axe":1,"minecraft:wheat_seeds":4,"minecraft:bowl":1,"minecraft:cobblestone":164,"alexsmobs:bison_fur":2,"minecraft:dirt":1,"minecraft:gunpowder":1,"minecraft:diorite":1,"minecraft:stone_pickaxe":1,"minecraft:string":4,"byg:dacite_cobblestone":12,"minecraft:white_wool":16}},"DataVersion":3120}