{"stats":{"minecraft:broken":{"minecraft:iron_shovel":2,"minecraft:stone_pickaxe":3,"minecraft:shield":1,"minecraft:iron_axe":3,"minecraft:iron_pickaxe":3},"minecraft:mined":{"minecraft:mossy_stone_brick_slab":1,"tconstruct:seared_bricks":11,"minecraft:brewing_stand":2,"byg:mahogany_door":3,"minecraft:granite":8,"minecraft:acacia_log":6,"minecraft:grass_block":114,"minecraft:jungle_log":9,"vampirism:weapon_table":1,"botania:light_gray_mystical_flower":1,"tconstruct:seared_table":3,"byg:redwood_planks":2,"minecraft:iron_ore":53,"byg:tall_beach_grass":1,"tconstruct:seared_melter":2,"tconstruct:seared_fuel_tank":1,"byg:indigo_jacaranda_leaves":6,"byg:pink_sand":7,"minecraft:green_bed":4,"botania:orange_mystical_flower":2,"minecraft:kelp_plant":1,"minecraft:smoker":2,"byg:golden_spined_cactus":4,"minecraft:orange_terracotta":31,"minecraft:clay":55,"minecraft:torch":4,"minecraft:light_gray_terracotta":32,"minecraft:melon":10,"byg:yellow_birch_leaves":22,"minecraft:chest":6,"minecraft:dead_bush":2,"byg:firecracker_flower_bush":24,"minecraft:cobblestone":4,"byg:blue_sandstone":1,"minecraft:sugar_cane":20,"minecraft:smooth_sandstone_slab":1,"minecraft:wall_torch":1,"minecraft:white_terracotta":17,"byg:soapstone":40,"minecraft:blue_terracotta":1,"minecraft:dark_oak_slab":1,"byg:cyan_amaranth":3,"tconstruct:seared_faucet":3,"minecraft:birch_log":46,"byg:red_rock_bricks":16,"byg:jacaranda_planks":24,"minecraft:stone_brick_stairs":2,"minecraft:grass":80,"minecraft:oak_log":86,"byg:blueberry_bush":1,"minecraft:sand":143,"minecraft:dirt":112,"tconstruct:crafting_station":4,"tconstruct:seared_heater":2,"minecraft:sandstone_wall":3,"byg:baobab_fruit_block":1,"minecraft:oak_leaves":20,"minecraft:purple_glazed_terracotta":1,"mysticalagriculture:prosperity_ore":1,"byg:redwood_log":1,"tconstruct:modifier_worktable":1,"minecraft:spruce_fence":1,"byg:jacaranda_log":51,"minecraft:acacia_slab":2,"minecraft:spruce_leaves":27,"minecraft:sandstone":10,"minecraft:moss_block":1,"minecraft:mangrove_propagule":1,"minecraft:furnace":3,"byg:pink_sandstone":1,"minecraft:snow":1,"minecraft:andesite":3,"byg:aloe_vera":1,"minecraft:stripped_spruce_log":4,"byg:magenta_amaranth":4,"minecraft:bookshelf":75,"minecraft:vine":2,"minecraft:stripped_oak_log":10,"byg:orange_amaranth":2,"byg:white_anemone":1,"byg:stripped_baobab_log":1,"tconstruct:seared_glass":1,"minecraft:stone":436,"byg:firecracker_leaves":7,"byg:flowering_indigo_jacaranda_leaves":1,"minecraft:acacia_leaves":2,"minecraft:stone_brick_slab":1,"travelersbackpack:standard":2,"minecraft:crafting_table":4,"minecraft:emerald_ore":1,"tconstruct:seared_basin":3,"minecraft:lectern":2,"minecraft:copper_ore":9,"byg:mini_cactus":1,"minecraft:lapis_ore":2,"minecraft:diorite":33,"botania:pink_mystical_flower":1,"minecraft:spruce_stairs":1,"minecraft:birch_planks":265,"byg:prickly_pear_cactus":1,"minecraft:red_terracotta":18,"byg:red_rock":395,"minecraft:spruce_log":114,"byg:leaf_pile":1,"byg:pine_log":1,"byg:windswept_sand":4,"vampirism:garlic":8,"minecraft:coal_ore":179,"minecraft:gravel":126,"byg:peat":138,"minecraft:terracotta":71,"byg:shrub":5,"minecraft:mossy_stone_bricks":1,"minecraft:gold_ore":14,"minecraft:birch_fence":1,"minecraft:fern":1},"minecraft:killed_by":{"minecraft:creeper":1,"enemyexpansion:slugger":1,"alexsmobs:crocodile":1,"vampirism:vampire":1,"enemyexpansion:invisicreeper":1,"vampirism:advanced_hunter":1,"enemyexpansion:equestrian":2,"minecraft:skeleton":1,"enemyexpansion:botfly":1,"enemyexpansion:direwolf":1,"mowziesmobs:foliaath":1},"minecraft:killed":{"minecraft:witch":1,"enemyexpansion:equestrian":1,"minecraft:spider":4,"minecraft:skeleton":4,"minecraft:zombie_villager":1,"minecraft:creeper":3,"vampirism:hunter":3,"minecraft:sheep":2,"minecraft:trader_llama":1,"enemyexpansion:meature":2,"minecraft:zombie":18,"enemyexpansion:botfly":7,"minecraft:stray":1,"enemyexpansion:intruder":1,"enemyexpansion:direwolf":4,"alexsmobs:rattlesnake":1,"minecraft:phantom":3,"enemyexpansion:faller":1,"minecraft:llama":2,"enemyexpansion:scorpion":1,"enemyexpansion:sprinter":1,"minecraft:wandering_trader":2,"sons_of_sins:betrayed_guzzler":3,"alexsmobs:elephant":1,"minecraft:enderman":1},"minecraft:custom":{"minecraft:interact_with_crafting_table":28,"minecraft:open_barrel":10,"minecraft:leave_game":7,"minecraft:time_since_death":7354,"minecraft:sprint_one_cm":1204603,"minecraft:damage_blocked_by_shield":3330,"minecraft:drop":173,"minecraft:talked_to_villager":2,"minecraft:play_time":446047,"minecraft:deaths":12,"minecraft:jump":9616,"minecraft:walk_on_water_one_cm":46632,"minecraft:interact_with_furnace":147,"minecraft:sleep_in_bed":3,"minecraft:waystone_activated":2,"minecraft:damage_dealt":17118,"minecraft:crouch_one_cm":10459,"minecraft:interact_with_smoker":15,"minecraft:mob_kills":73,"minecraft:damage_dealt_resisted":216,"minecraft:climb_one_cm":11477,"minecraft:walk_one_cm":688843,"minecraft:sneak_time":5598,"minecraft:walk_under_water_one_cm":21351,"minecraft:boat_one_cm":289602,"minecraft:total_world_time":446047,"minecraft:time_since_rest":7386,"minecraft:damage_taken":9503,"minecraft:trigger_trapped_chest":3,"minecraft:swim_one_cm":120001,"minecraft:fly_one_cm":2022495,"minecraft:open_chest":167,"minecraft:fall_one_cm":317000},"minecraft:picked_up":{"minecraft:wooden_axe":1,"byg:windswept_sand":4,"minecraft:iron_chestplate":2,"minecraft:wheat":8,"byg:redwood_planks":1,"minecraft:lead":3,"byg:amaranth":2,"tconstruct:hammer_head_cast":1,"minecraft:brewing_stand":2,"minecraft:raw_copper":31,"minecraft:string":10,"byg:jacaranda_boat":3,"minecraft:iron_leggings":1,"byg:red_rock":714,"byg:pine_log":1,"mysticalagriculture:inferium_essence":20,"minecraft:cobbled_deepslate":3,"minecraft:bucket":2,"minecraft:spruce_planks":30,"minecraft:iron_pickaxe":1,"minecraft:melon_slice":52,"vampirism:crossbow_arrow_normal":4,"minecraft:iron_boots":1,"minecraft:furnace":4,"botania:lexicon":3,"minecraft:stick":9,"minecraft:brown_terracotta":2,"minecraft:torch":59,"minecraft:acacia_log":6,"minecraft:green_bed":4,"minecraft:spruce_stairs":1,"minecraft:sandstone_wall":2,"minecraft:porkchop":2,"vampirism:holy_water_bottle_enhanced":2,"tconstruct:seared_faucet":3,"vampirism:vampire_fang":1,"minecraft:diorite":37,"byg:prickly_pear_cactus":1,"minecraft:goat_horn":1,"vampirism:blood_bottle":1,"minecraft:rotten_flesh":143,"botania:light_gray_mystical_flower":1,"minecraft:white_terracotta":17,"minecraft:snowball":1,"minecraft:cobblestone":461,"tconstruct:seared_bricks":11,"minecraft:birch_log":45,"minecraft:leather_chestplate":1,"vampirism:weapon_table":2,"minecraft:jungle_log":9,"byg:mahogany_door":3,"minecraft:smoker":4,"minecraft:flint":14,"minecraft:lapis_lazuli":14,"minecraft:dirt":211,"minecraft:lantern":4,"minecraft:bone":17,"minecraft:bow":1,"minecraft:wheat_seeds":9,"minecraft:raw_gold":14,"vampirism:item_garlic":8,"tconstruct:seared_table":3,"tconstruct:mattock":1,"minecraft:glowstone_dust":2,"byg:stripped_baobab_log":1,"vampirism:armor_of_swiftness_feet_ultimate":2,"minecraft:oak_planks":2,"byg:jacaranda_planks":74,"minecraft:sand":170,"minecraft:jungle_planks":8,"minecraft:stripped_spruce_log":4,"minecraft:red_terracotta":28,"alexsmobs:animal_dictionary":1,"sons_of_sins:flesh_of_demise":2,"minecraft:light_gray_terracotta":32,"minecraft:blue_terracotta":1,"tconstruct:seared_basin":3,"minecraft:writable_book":1,"alexsmobs:rattlesnake_rattle":1,"minecraft:crossbow":1,"minecraft:granite":9,"minecraft:golden_horse_armor":3,"minecraft:emerald":1,"minecraft:bread":74,"minecraft:oak_sapling":1,"byg:pine_planks":1,"tconstruct:crafting_station":4,"minecraft:crafting_table":4,"byg:soapstone":39,"byg:red_rock_bricks":16,"minecraft:clay_ball":208,"tconstruct:materials_and_you":2,"byg:peat":167,"minecraft:moss_carpet":1,"tconstruct:seared_glass":1,"minecraft:birch_fence":1,"byg:pink_sand":7,"byg:redwood_log":1,"byg:baobab_fruit":1,"minecraft:jungle_sapling":1,"minecraft:iron_nugget":19,"byg:shrub":7,"tconstruct:encyclopedia":1,"minecraft:lectern":2,"minecraft:chest":6,"minecraft:sugar_cane":62,"byg:mini_cactus":1,"minecraft:phantom_membrane":2,"tconstruct:modifier_worktable":1,"minecraft:raw_iron":56,"minecraft:sandstone":4,"minecraft:carrot":8,"minecraft:smooth_sandstone_slab":1,"byg:yellow_birch_sapling":2,"minecraft:arrow":7,"byg:orange_amaranth":2,"minecraft:hay_block":5,"minecraft:glow_berries":1,"minecraft:mutton":6,"minecraft:white_wool":10,"minecraft:stripped_oak_log":10,"minecraft:leather":3,"tconstruct:seared_fuel_tank":1,"minecraft:birch_planks":254,"minecraft:oak_log":84,"byg:white_anemone":2,"minecraft:gunpowder":13,"byg:aloe_vera":1,"byg:firecracker_flower_bush":27,"byg:magenta_amaranth":4,"byg:cyan_amaranth":2,"minecraft:orange_terracotta":29,"vampirism:human_heart":1,"tconstruct:seared_heater":3,"minecraft:stone_pickaxe":1,"byg:jacaranda_log":50,"minecraft:book":222,"minecraft:dark_oak_slab":1,"byg:peach_leather_flower":1,"minecraft:gravel":117,"minecraft:spruce_sapling":8,"minecraft:spruce_log":109,"minecraft:spider_eye":2,"travelersbackpack:standard":2,"minecraft:slime_ball":6,"minecraft:stone_axe":1,"botania:orange_mystical_flower":8,"tconstruct:seared_melter":2,"minecraft:terracotta":64,"tconstruct:pattern":4,"minecraft:acacia_slab":2,"minecraft:mangrove_propagule":2,"minecraft:coal":609,"minecraft:ender_pearl":1},"minecraft:used":{"byg:baobab_fruit":2,"minecraft:blue_terracotta":1,"minecraft:writable_book":2,"minecraft:iron_shovel":631,"byg:jacaranda_log":4,"minecraft:chest":11,"minecraft:shield":65,"byg:pine_planks":1,"minecraft:iron_sword":92,"byg:jacaranda_boat":2,"minecraft:iron_chestplate":1,"tconstruct:seared_fuel_tank":2,"byg:red_rock_bricks":24,"byg:magenta_amaranth":1,"byg:white_anemone":1,"minecraft:lava_bucket":4,"tconstruct:seared_faucet":5,"byg:amaranth":1,"minecraft:bow":4,"minecraft:oak_sapling":1,"minecraft:furnace":9,"byg:pink_sand":7,"tconstruct:smeltery_controller":1,"minecraft:oak_planks":2,"minecraft:stone_pickaxe":616,"minecraft:wooden_pickaxe":8,"byg:peat":31,"minecraft:glow_berries":1,"minecraft:melon_slice":44,"minecraft:bread":153,"byg:mahogany_door":2,"sons_of_sins:flesh_of_demise":1,"tconstruct:crafting_station":5,"byg:jacaranda_planks":24,"byg:firecracker_flower_bush":2,"minecraft:spruce_planks":2,"minecraft:sandstone_wall":1,"simpletomb:grave_key":16,"tconstruct:seared_drain":2,"minecraft:torch":95,"minecraft:dirt":109,"tconstruct:seared_bricks":56,"tconstruct:seared_heater":3,"minecraft:wooden_axe":27,"minecraft:iron_axe":866,"byg:windswept_sandstone":1,"tconstruct:tinker_station":1,"tconstruct:part_builder":1,"minecraft:water_bucket":5,"tconstruct:modifier_worktable":2,"minecraft:birch_planks":333,"minecraft:green_bed":1,"minecraft:crafting_table":6,"tconstruct:seared_basin":4,"minecraft:spruce_log":109,"minecraft:smoker":2,"minecraft:oak_log":46,"tconstruct:seared_table":4,"minecraft:iron_pickaxe":754,"tconstruct:part_chest":1,"minecraft:spruce_sapling":4,"minecraft:stone_axe":143,"tconstruct:seared_melter":2,"minecraft:cobblestone":85,"travelersbackpack:standard":8,"byg:redwood_planks":2,"minecraft:porkchop":1,"byg:cyan_amaranth":1,"minecraft:bucket":16,"alexsmobs:animal_dictionary":1,"tconstruct:seared_glass":1,"byg:red_rock":3},"minecraft:crafted":{"minecraft:oak_planks":32,"tconstruct:puny_smelting":1,"tconstruct:pick_head":2,"tconstruct:tool_binding":3,"minecraft:glass":37,"tconstruct:broad_axe_head":1,"tconstruct:seared_brick":264,"minecraft:chest":1,"tconstruct:tough_handle":1,"minecraft:crafting_table":5,"minecraft:wooden_pickaxe":1,"travelersbackpack:standard":1,"tconstruct:blank_sand_cast":4,"tconstruct:tool_handle":2,"minecraft:copper_ingot":9,"minecraft:hay_block":11,"minecraft:birch_planks":180,"tconstruct:tool_binding_sand_cast":1,"byg:redwood_planks":4,"byg:windswept_sandstone":1,"minecraft:iron_chestplate":1,"minecraft:shield":1,"minecraft:stick":20,"minecraft:iron_ingot":36,"minecraft:iron_pickaxe":1,"minecraft:gold_ingot":6,"byg:red_rock_bricks":28,"tconstruct:seared_bricks":43,"tconstruct:pickaxe":1,"tconstruct:pattern":9,"tconstruct:part_builder":1,"minecraft:furnace":2,"byg:baobab_planks":4,"tconstruct:seared_basin":1,"travelersbackpack:white_sleeping_bag":1,"minecraft:iron_axe":1,"tconstruct:seared_table":1,"minecraft:stone_pickaxe":3,"travelersbackpack:backpack_tank":2,"minecraft:iron_sword":1,"botania:lexicon":1,"tconstruct:hammer_head":1,"minecraft:stone_axe":2,"tconstruct:seared_drain":1,"minecraft:bread":9,"minecraft:air":0,"minecraft:jungle_planks":36,"tconstruct:seared_heater":1,"minecraft:white_wool":1,"tconstruct:crafting_station":1,"minecraft:wooden_axe":1,"minecraft:acacia_planks":24,"minecraft:torch":12,"tconstruct:grout":128},"minecraft:dropped":{"byg:biomepedia":1,"byg:cyan_amaranth":1,"byg:peat":38,"vampirism:human_heart":1,"tconstruct:encyclopedia":1,"byg:white_anemone":1,"minecraft:dark_oak_slab":1,"minecraft:crossbow":1,"byg:red_rock":114,"minecraft:leather":3,"minecraft:jungle_planks":4,"byg:yellow_birch_sapling":2,"minecraft:flint":3,"minecraft:dirt":38,"minecraft:birch_fence":1,"tconstruct:materials_and_you":1,"minecraft:mutton":3,"byg:magenta_amaranth":3,"minecraft:snowball":1,"minecraft:jungle_sapling":1,"minecraft:writable_book":1,"minecraft:sand":11,"minecraft:iron_pickaxe":1,"minecraft:white_wool":8,"byg:peach_leather_flower":1,"minecraft:bone":13,"tconstruct:pattern":2,"minecraft:stone_axe":2,"minecraft:sugar_cane":62,"minecraft:iron_nugget":12,"minecraft:cobbled_deepslate":3,"alexsmobs:animal_dictionary":2,"byg:aloe_vera":1,"minecraft:wheat":8,"vampirism:holy_water_bottle_enhanced":1,"minecraft:rotten_flesh":115,"minecraft:oak_planks":2,"vampirism:blood_bottle":1,"minecraft:sandstone_wall":1,"minecraft:gunpowder":4,"mysticalagriculture:inferium_essence":16,"minecraft:acacia_slab":2,"tconstruct:hammer_head_cast":1,"minecraft:arrow":2,"minecraft:glass":2,"botania:black_lotus":1,"byg:mahogany_door":1,"botania:light_gray_mystical_flower":1,"minecraft:bread":6,"vampirism:armor_of_swiftness_feet_ultimate":1,"minecraft:wheat_seeds":8,"minecraft:golden_horse_armor":2,"vampirism:vampire_book":1,"minecraft:mangrove_propagule":1,"botania:orange_mystical_flower":6,"minecraft:feather":5,"minecraft:cobblestone":100,"alexsmobs:rattlesnake_rattle":1,"minecraft:granite":1,"vampirism:amulet":1,"minecraft:spruce_stairs":1,"minecraft:coal":128,"minecraft:stick":8,"minecraft:diorite":6,"minecraft:torch":4,"minecraft:green_dye":1,"byg:firecracker_flower_bush":24,"byg:soapstone":1,"minecraft:wooden_axe":2,"minecraft:brown_terracotta":2,"minecraft:smooth_sandstone_slab":1,"minecraft:cactus":18,"vampirism:ring":1,"minecraft:iron_shovel":1,"minecraft:string":12,"minecraft:acacia_planks":4,"minecraft:spruce_sapling":4,"minecraft:redstone":1,"minecraft:furnace":1,"minecraft:moss_carpet":1,"byg:prickly_pear_cactus":1,"tconstruct:blank_sand_cast":3,"byg:shrub":6,"minecraft:green_bed":3,"botania:overgrowth_seed":1,"minecraft:smoker":1,"minecraft:red_terracotta":12,"botania:lexicon":2,"tconstruct:mattock":1,"minecraft:orange_terracotta":2,"minecraft:iron_chestplate":2,"byg:mini_cactus":1,"vampirism:crossbow_arrow_normal":2,"byg:amaranth":1,"minecraft:slime_ball":2,"minecraft:sandstone":4,"byg:orange_amaranth":2,"minecraft:bow":1,"minecraft:stone_pickaxe":2,"minecraft:wooden_pickaxe":1,"minecraft:terracotta":3}},"DataVersion":3120}