{"stats":{"minecraft:mined":{"minecraft:purple_glazed_terracotta":1,"minecraft:mossy_stone_brick_slab":1,"minecraft:kelp_plant":1,"minecraft:stone_brick_slab":1,"byg:mahogany_door":3,"minecraft:grass_block":1,"minecraft:spruce_fence":1,"minecraft:jungle_log":9,"minecraft:lectern":2,"byg:firecracker_flower_bush":1,"minecraft:cobblestone":1,"byg:blue_sandstone":1,"minecraft:diorite":2,"minecraft:smooth_sandstone_slab":1,"botania:light_gray_mystical_flower":1,"byg:prickly_pear_cactus":1,"byg:soapstone":7,"byg:pink_sandstone":1,"byg:tall_beach_grass":1,"minecraft:andesite":3,"minecraft:stone_brick_stairs":2,"byg:windswept_sand":4,"minecraft:grass":2,"minecraft:bookshelf":21,"minecraft:oak_log":4,"minecraft:coal_ore":3,"minecraft:vine":2,"minecraft:gravel":2,"byg:pink_sand":7,"minecraft:dirt":15,"minecraft:stone":94,"minecraft:mossy_stone_bricks":1,"minecraft:oak_leaves":2,"minecraft:green_bed":3},"minecraft:killed_by":{"alexsmobs:crocodile":1,"mowziesmobs:foliaath":1},"minecraft:killed":{"enemyexpansion:sprinter":1,"minecraft:sheep":2},"minecraft:custom":{"minecraft:mob_kills":3,"minecraft:interact_with_crafting_table":5,"minecraft:open_barrel":7,"minecraft:time_since_death":31287,"minecraft:climb_one_cm":3582,"minecraft:time_since_rest":31398,"minecraft:sprint_one_cm":164195,"minecraft:damage_taken":1258,"minecraft:walk_one_cm":47242,"minecraft:trigger_trapped_chest":1,"minecraft:drop":23,"minecraft:damage_dealt":387,"minecraft:swim_one_cm":46969,"minecraft:talked_to_villager":1,"minecraft:fly_one_cm":388747,"minecraft:open_chest":19,"minecraft:crouch_one_cm":1113,"minecraft:play_time":53853,"minecraft:deaths":2,"minecraft:sneak_time":628,"minecraft:walk_under_water_one_cm":10722,"minecraft:boat_one_cm":212701,"minecraft:jump":1443,"minecraft:walk_on_water_one_cm":8979,"minecraft:total_world_time":53853,"minecraft:fall_one_cm":51855},"minecraft:picked_up":{"minecraft:wooden_axe":1,"byg:windswept_sand":4,"byg:soapstone":7,"minecraft:jungle_log":9,"byg:mahogany_door":3,"minecraft:oak_log":4,"byg:firecracker_flower_bush":1,"minecraft:dirt":16,"byg:pink_sand":7,"minecraft:jungle_sapling":1,"minecraft:lectern":2,"minecraft:oak_planks":2,"minecraft:book":63,"minecraft:stick":1,"minecraft:green_bed":3,"minecraft:diorite":4,"byg:prickly_pear_cactus":1,"minecraft:smooth_sandstone_slab":1,"minecraft:rotten_flesh":2,"botania:light_gray_mystical_flower":1,"minecraft:glow_berries":1,"minecraft:mutton":3,"minecraft:coal":3,"minecraft:white_wool":4,"minecraft:cobblestone":66},"minecraft:used":{"byg:firecracker_flower_bush":1,"minecraft:stone_pickaxe":121,"minecraft:oak_planks":2,"minecraft:wooden_pickaxe":8,"simpletomb:grave_key":2,"minecraft:glow_berries":1,"minecraft:crafting_table":2,"minecraft:wooden_axe":27,"minecraft:bread":21,"byg:windswept_sandstone":1,"byg:mahogany_door":2,"minecraft:stone_axe":26,"minecraft:cobblestone":15,"byg:pink_sand":7,"alexsmobs:animal_dictionary":1},"minecraft:crafted":{"minecraft:oak_planks":16,"minecraft:crafting_table":2,"minecraft:wooden_pickaxe":1,"minecraft:stone_axe":1,"minecraft:jungle_planks":36,"byg:windswept_sandstone":1,"minecraft:stick":12,"minecraft:iron_pickaxe":1,"minecraft:iron_ingot":9,"minecraft:stone_pickaxe":1,"minecraft:wooden_axe":1},"minecraft:dropped":{"minecraft:bread":6,"byg:prickly_pear_cactus":1,"minecraft:feather":5,"minecraft:cobblestone":2,"minecraft:rotten_flesh":2,"minecraft:oak_planks":2,"minecraft:stick":1,"minecraft:diorite":4,"minecraft:wooden_axe":2,"minecraft:jungle_sapling":1,"minecraft:smooth_sandstone_slab":1,"minecraft:wooden_pickaxe":1,"minecraft:stone_pickaxe":1,"byg:mahogany_door":1,"minecraft:white_wool":2,"botania:light_gray_mystical_flower":1}},"DataVersion":3120}