{"stats":{"minecraft:mined":{"minecraft:spruce_planks":7,"byg:skyris_leaves":11,"minecraft:dandelion":2,"byg:zelkova_log":1,"minecraft:crafting_table":3,"minecraft:torch":1,"minecraft:granite":2,"byg:blue_spruce_leaves":1,"minecraft:grass_block":27,"byg:skyris_log":64,"minecraft:glass":1,"minecraft:spruce_leaves":3,"botania:blue_mystical_flower":1,"byg:overgrown_dacite":1,"byg:flowering_skyris_leaves":10,"minecraft:birch_planks":15,"botania:red_double_flower":2,"byg:soapstone":18,"byg:crocus":1,"minecraft:furnace":1,"minecraft:birch_log":6,"minecraft:fire":10,"minecraft:spruce_log":40,"byg:green_apple_fruit_block":5,"minecraft:birch_leaves":1,"byg:foxglove":3,"minecraft:azure_bluet":5,"minecraft:grass":19,"byg:skyris_planks":25,"minecraft:coal_ore":20,"byg:skyris_vine":6,"minecraft:sand":66,"minecraft:dirt":21,"byg:rocky_stone":1,"minecraft:stone":58,"byg:fairy_slipper":2,"byg:dacite":21},"minecraft:broken":{"minecraft:stone_pickaxe":1,"minecraft:stone_axe":2},"minecraft:killed_by":{"minecraft:skeleton":1,"alexsmobs:moose":1},"minecraft:killed":{"vampirism:vampire":1,"minecraft:pig":7,"alexsmobs:raccoon":2,"enemyexpansion:direwolf":1,"minecraft:sheep":3,"minecraft:skeleton":2,"minecraft:trader_llama":2,"minecraft:cow":8},"minecraft:custom":{"minecraft:interact_with_furnace":51,"minecraft:mob_kills":26,"minecraft:interact_with_crafting_table":15,"minecraft:leave_game":2,"minecraft:time_since_death":36629,"minecraft:sleep_in_bed":3,"minecraft:climb_one_cm":1905,"minecraft:waystone_activated":1,"minecraft:time_since_rest":9413,"minecraft:sprint_one_cm":164814,"minecraft:damage_taken":1350,"minecraft:walk_one_cm":193729,"minecraft:drop":12,"minecraft:damage_dealt":3403,"minecraft:swim_one_cm":10857,"minecraft:fly_one_cm":176098,"minecraft:talked_to_villager":4,"minecraft:open_chest":27,"minecraft:crouch_one_cm":12368,"minecraft:play_time":67401,"minecraft:deaths":3,"minecraft:sneak_time":5987,"minecraft:walk_under_water_one_cm":5439,"minecraft:jump":1334,"minecraft:walk_on_water_one_cm":7072,"minecraft:total_world_time":67401,"minecraft:fall_one_cm":27647},"minecraft:picked_up":{"minecraft:birch_log":6,"minecraft:crafting_table":3,"byg:soapstone":18,"minecraft:azure_bluet":6,"byg:foxglove":4,"minecraft:leather":19,"minecraft:lead":1,"minecraft:birch_planks":15,"byg:dacite_cobblestone":22,"byg:crocus":1,"minecraft:dirt":48,"minecraft:bone":2,"mysticalagriculture:inferium_essence":6,"byg:zelkova_log":1,"minecraft:spruce_planks":7,"minecraft:beef":14,"byg:skyris_sapling":4,"alexsmobs:raccoon_tail":1,"minecraft:furnace":1,"minecraft:stick":2,"minecraft:torch":1,"minecraft:dandelion":2,"byg:fairy_slipper":2,"minecraft:porkchop":15,"minecraft:sand":61,"minecraft:spruce_sapling":1,"byg:green_apple":4,"minecraft:spruce_log":40,"byg:skyris_log":60,"botania:red_double_flower":2,"minecraft:arrow":4,"botania:blue_mystical_flower":1,"minecraft:granite":2,"byg:skyris_planks":25,"minecraft:mutton":4,"minecraft:coal":20,"byg:rocky_stone":1,"minecraft:white_wool":3,"minecraft:cobblestone":58},"minecraft:used":{"botania:red_double_flower":1,"minecraft:spruce_door":3,"minecraft:birch_planks":28,"minecraft:stone_pickaxe":125,"minecraft:stone_shovel":107,"minecraft:chest":2,"minecraft:spruce_planks":44,"minecraft:wooden_pickaxe":3,"simpletomb:grave_key":3,"minecraft:torch":8,"minecraft:dirt":37,"minecraft:crafting_table":4,"minecraft:azure_bluet":1,"minecraft:spruce_log":7,"minecraft:glass":60,"byg:skyris_planks":246,"byg:foxglove":3,"minecraft:stone_axe":232,"minecraft:cobblestone":14,"minecraft:purple_bed":1,"byg:dacite_cobblestone":22,"minecraft:furnace":2,"minecraft:cooked_porkchop":7,"minecraft:birch_log":1,"byg:green_apple":3},"minecraft:crafted":{"minecraft:cooked_beef":8,"minecraft:stone_shovel":1,"minecraft:cooked_porkchop":14,"minecraft:leather_boots":1,"minecraft:crafting_table":1,"minecraft:purple_bed":1,"minecraft:spruce_planks":64,"byg:zelkova_planks":4,"minecraft:wooden_pickaxe":1,"minecraft:spruce_door":3,"minecraft:furnace":1,"minecraft:birch_planks":20,"minecraft:stone_axe":2,"minecraft:air":0,"byg:skyris_planks":240,"minecraft:glass":61,"minecraft:charcoal":16,"minecraft:purple_dye":1,"minecraft:stick":12,"minecraft:stone_pickaxe":1,"minecraft:chest":2,"minecraft:white_bed":1,"minecraft:torch":12},"minecraft:dropped":{"byg:foxglove":1,"minecraft:azure_bluet":3,"minecraft:dirt":4,"botania:blue_mystical_flower":1,"minecraft:wooden_pickaxe":1,"botania:red_double_flower":1,"minecraft:dandelion":1}},"DataVersion":3120}