{"stats":{"minecraft:broken":{"minecraft:stone_axe":1},"minecraft:mined":{"minecraft:tuff":1,"minecraft:mossy_stone_brick_slab":1,"minecraft:glow_lichen":1,"minecraft:grass_block":1,"byg:jacaranda_log":22,"minecraft:jungle_planks":1,"minecraft:jungle_log":8,"byg:mahogany_log":23,"minecraft:hay_block":1,"minecraft:horn_coral":1,"minecraft:tall_seagrass":3,"minecraft:furnace":2,"minecraft:iron_ore":6,"byg:flowering_jacaranda_leaves":17,"byg:blue_sand":3,"minecraft:pointed_dripstone":2,"minecraft:vine":17,"tconstruct:earth_slime_leaves":1,"minecraft:deepslate_iron_ore":8,"minecraft:iron_bars":7,"minecraft:lantern":1,"byg:mahogany_leaves":61,"minecraft:bamboo":2,"minecraft:stone":8,"tconstruct:sky_slime_dirt":2,"tconstruct:earth_congealed_slime":1,"minecraft:white_wool":13,"minecraft:green_bed":2,"minecraft:kelp_plant":1,"byg:golden_spined_cactus":1,"minecraft:stone_brick_slab":1,"minecraft:smooth_sandstone":2,"minecraft:crafting_table":3,"minecraft:torch":3,"tconstruct:greenheart_log":15,"minecraft:melon":22,"byg:amaranth":1,"byg:mini_cactus":1,"minecraft:sugar_cane":3,"minecraft:wall_torch":1,"byg:ebony_leaves":30,"minecraft:seagrass":1,"minecraft:cactus":1,"byg:jacaranda_leaves":55,"byg:prickly_pear_cactus":1,"byg:soapstone":6,"minecraft:mossy_stone_brick_wall":2,"minecraft:sea_pickle":1,"travelersbackpack:green_sleeping_bag":1,"byg:ebony_log":21,"minecraft:light_gray_wool":1,"byg:windswept_sand":7,"byg:pine_log":4,"minecraft:grass":11,"minecraft:coal_ore":12,"minecraft:sandstone_wall":1,"minecraft:cracked_stone_bricks":1,"minecraft:cut_red_sandstone":1,"minecraft:stone_bricks":1,"minecraft:mossy_stone_bricks":1,"minecraft:oak_leaves":2,"mysticalagriculture:deepslate_inferium_ore":1,"minecraft:deepslate":4,"minecraft:fern":2},"minecraft:killed_by":{"minecraft:creeper":2,"minecraft:drowned":8,"enemyexpansion:scorpion":1,"minecraft:skeleton":2,"vampirism:vampire":1,"enemyexpansion:invisicreeper":1},"minecraft:killed":{"vampirism:advanced_vampire":1,"minecraft:spider":1,"alexsmobs:guster":1,"minecraft:pig":3,"minecraft:salmon":2,"minecraft:zombie":1,"alexsmobs:terrapin":2,"alexsmobs:gazelle":3,"minecraft:cow":2},"minecraft:custom":{"minecraft:interact_with_smithing_table":1,"minecraft:mob_kills":16,"minecraft:interact_with_crafting_table":27,"minecraft:open_barrel":16,"minecraft:bell_ring":1,"minecraft:leave_game":1,"minecraft:time_since_death":12537,"minecraft:climb_one_cm":5233,"minecraft:sprint_one_cm":280882,"minecraft:walk_one_cm":214873,"minecraft:drop":75,"minecraft:talked_to_villager":5,"minecraft:play_time":106007,"minecraft:deaths":15,"minecraft:sneak_time":6096,"minecraft:walk_under_water_one_cm":92088,"minecraft:boat_one_cm":322060,"minecraft:jump":1976,"minecraft:interact_with_blast_furnace":1,"minecraft:walk_on_water_one_cm":39423,"minecraft:total_world_time":106007,"minecraft:interact_with_furnace":25,"minecraft:time_since_rest":12567,"minecraft:waystone_activated":2,"minecraft:damage_taken":5541,"minecraft:trigger_trapped_chest":1,"minecraft:damage_dealt":2602,"minecraft:swim_one_cm":116241,"minecraft:fly_one_cm":358520,"minecraft:open_chest":60,"minecraft:crouch_one_cm":8393,"minecraft:fall_one_cm":54745},"minecraft:picked_up":{"byg:windswept_sand":7,"byg:mahogany_log":17,"minecraft:crafting_table":3,"byg:soapstone":26,"minecraft:wooden_pickaxe":2,"byg:amaranth":1,"minecraft:stone_brick_stairs":1,"alexsmobs:gazelle_horn":1,"minecraft:string":2,"byg:jacaranda_boat":4,"byg:pine_log":3,"minecraft:sea_pickle":3,"minecraft:cracked_stone_bricks":1,"mysticalagriculture:inferium_essence":14,"minecraft:cobbled_deepslate":4,"minecraft:beef":6,"minecraft:oak_boat":1,"minecraft:iron_nugget":12,"minecraft:light_gray_wool":1,"minecraft:melon_slice":115,"minecraft:sugar_cane":21,"byg:mini_cactus":1,"minecraft:furnace":2,"minecraft:stick":4,"minecraft:raw_iron":15,"minecraft:torch":7,"minecraft:green_bed":3,"minecraft:sandstone_wall":1,"minecraft:porkchop":4,"byg:ebony_sapling":2,"tconstruct:sky_slime_dirt":2,"minecraft:pointed_dripstone":1,"byg:prickly_pear_cactus":1,"minecraft:cactus":1,"vampirism:blood_bottle":1,"minecraft:rotten_flesh":2,"byg:mahogany_sapling":2,"minecraft:mutton":2,"minecraft:iron_bars":3,"minecraft:white_wool":14,"minecraft:cobblestone":12,"byg:jacaranda_sapling":2,"minecraft:salmon":1,"minecraft:jungle_log":8,"tconstruct:greenheart_log":15,"minecraft:andesite":2,"minecraft:leather":2,"byg:mahogany_door":3,"minecraft:tuff":1,"simpletomb:grave_key":1,"minecraft:lantern":1,"minecraft:dirt":1,"byg:blue_sand":3,"byg:cyan_amaranth":1,"minecraft:smooth_sandstone":2,"minecraft:stone_bricks":1,"minecraft:kelp":1,"byg:ebony_log":21,"minecraft:wheat_seeds":2,"minecraft:stone_pickaxe":1,"minecraft:mossy_stone_bricks":1,"minecraft:mossy_stone_brick_wall":2,"minecraft:bamboo":19,"byg:jacaranda_log":19,"travelersbackpack:green_sleeping_bag":1,"minecraft:green_dye":1,"minecraft:jungle_planks":1,"minecraft:mossy_stone_brick_slab":1,"minecraft:cut_red_sandstone":1,"alexsmobs:guster_eye":1,"minecraft:slime_ball":5,"minecraft:granite":1,"minecraft:bread":6,"minecraft:coal":15},"minecraft:used":{"byg:pine_planks":5,"byg:jacaranda_boat":5,"minecraft:sandstone_wall":1,"simpletomb:grave_key":9,"minecraft:torch":28,"travelersbackpack:green_sleeping_bag":1,"minecraft:jungle_planks":21,"minecraft:carrot":5,"minecraft:iron_axe":48,"minecraft:furnace":1,"byg:blue_sand":1,"minecraft:cobbled_deepslate":1,"minecraft:cooked_mutton":1,"minecraft:stone_pickaxe":86,"minecraft:wooden_pickaxe":4,"minecraft:salmon":1,"minecraft:crafting_table":5,"tconstruct:sky_slime_dirt":2,"minecraft:wooden_hoe":53,"minecraft:melon_slice":28,"minecraft:bread":8,"minecraft:iron_pickaxe":16,"byg:soapstone":13,"byg:mahogany_door":6,"minecraft:stone_axe":232,"minecraft:cobblestone":2,"byg:mahogany_boat":1,"minecraft:cooked_porkchop":1,"minecraft:porkchop":1,"minecraft:golden_pickaxe":11,"byg:jacaranda_planks":6},"minecraft:crafted":{"byg:jacaranda_planks":36,"byg:jacaranda_boat":4,"byg:pine_planks":12,"minecraft:cooked_mutton":2,"minecraft:glass":18,"travelersbackpack:white_sleeping_bag":1,"minecraft:iron_axe":1,"travelersbackpack:green_sleeping_bag":1,"minecraft:stone_pickaxe":1,"byg:mahogany_planks":68,"minecraft:cooked_porkchop":1,"minecraft:crafting_table":3,"travelersbackpack:backpack_tank":2,"minecraft:golden_pickaxe":1,"minecraft:stone_axe":2,"minecraft:air":0,"minecraft:jungle_planks":32,"byg:mahogany_door":12,"minecraft:wooden_hoe":1,"minecraft:stick":24,"minecraft:iron_pickaxe":1,"minecraft:iron_ingot":16,"minecraft:gold_ingot":4,"byg:ebony_planks":4,"minecraft:torch":56,"byg:mahogany_boat":1},"minecraft:dropped":{"byg:cyan_amaranth":1,"minecraft:wheat_seeds":2,"simpletomb:grave_key":3,"minecraft:horn_coral_block":4,"minecraft:cobblestone":1,"minecraft:granite":1,"minecraft:cracked_stone_bricks":1,"minecraft:emerald":4,"minecraft:wooden_hoe":1,"byg:soapstone":13,"minecraft:gold_nugget":4,"minecraft:cactus":3,"minecraft:smooth_sandstone":2,"minecraft:white_wool":2,"minecraft:goat_horn":1,"byg:prickly_pear_cactus":1,"minecraft:kelp":6,"minecraft:sugar_cane":21,"minecraft:iron_nugget":17,"minecraft:cobbled_deepslate":3,"minecraft:tuff":1,"byg:blue_sand":2,"minecraft:pointed_dripstone":1,"minecraft:raw_iron":1,"minecraft:rotten_flesh":2,"minecraft:light_gray_wool":1,"vampirism:blood_bottle":1,"byg:pine_planks":1,"byg:jacaranda_boat":2,"minecraft:cut_red_sandstone":1,"mysticalagriculture:inferium_essence":13,"minecraft:andesite":2,"minecraft:oak_boat":1,"byg:mini_cactus":1,"byg:windswept_sand":7,"byg:amaranth":1,"minecraft:slime_ball":5,"minecraft:iron_bars":2,"minecraft:stone_pickaxe":1,"minecraft:wooden_pickaxe":1,"byg:mahogany_door":3}},"DataVersion":3120}