{"stats":{"minecraft:broken":{"minecraft:stone_axe":1},"minecraft:mined":{"minecraft:tuff":1,"minecraft:mossy_stone_brick_slab":1,"minecraft:dark_oak_log":1,"minecraft:glow_lichen":1,"minecraft:grass_block":2,"byg:jacaranda_log":22,"minecraft:jungle_planks":1,"minecraft:jungle_log":8,"byg:mahogany_log":23,"minecraft:hay_block":1,"minecraft:horn_coral":1,"minecraft:tall_seagrass":3,"minecraft:furnace":2,"minecraft:iron_ore":6,"byg:flowering_jacaranda_leaves":17,"byg:blue_sand":3,"byg:magenta_amaranth":1,"minecraft:pointed_dripstone":2,"tconstruct:earth_slime_leaves":1,"minecraft:deepslate_iron_ore":8,"minecraft:vine":17,"minecraft:iron_bars":7,"minecraft:lantern":1,"minecraft:bamboo":2,"byg:mahogany_leaves":61,"minecraft:stone":8,"tconstruct:sky_slime_dirt":2,"tconstruct:earth_congealed_slime":1,"minecraft:white_wool":13,"byg:firecracker_leaves":1,"minecraft:green_bed":5,"minecraft:kelp_plant":1,"byg:golden_spined_cactus":2,"minecraft:stone_brick_slab":1,"minecraft:smooth_sandstone":2,"minecraft:crafting_table":3,"minecraft:torch":4,"byg:amaranth":1,"tconstruct:greenheart_log":15,"minecraft:melon":22,"byg:mini_cactus":1,"minecraft:sugar_cane":3,"minecraft:wall_torch":1,"byg:ebony_leaves":30,"minecraft:seagrass":1,"byg:jacaranda_leaves":55,"byg:prickly_pear_cactus":1,"minecraft:cactus":1,"byg:soapstone":6,"minecraft:mossy_stone_brick_wall":2,"byg:cyan_amaranth":2,"minecraft:sea_pickle":1,"travelersbackpack:green_sleeping_bag":1,"byg:ebony_log":21,"minecraft:light_gray_wool":1,"byg:windswept_sand":7,"byg:pine_log":4,"minecraft:grass":17,"minecraft:coal_ore":12,"minecraft:sandstone_wall":1,"minecraft:cracked_stone_bricks":1,"minecraft:cut_red_sandstone":1,"minecraft:stone_bricks":1,"minecraft:mossy_stone_bricks":1,"minecraft:oak_leaves":2,"mysticalagriculture:deepslate_inferium_ore":1,"minecraft:deepslate":4,"minecraft:fern":2},"minecraft:killed_by":{"minecraft:creeper":3,"alexsmobs:bison":1,"minecraft:drowned":8,"enemyexpansion:scorpion":1,"minecraft:skeleton":2,"vampirism:vampire":1,"enemyexpansion:invisicreeper":1},"minecraft:killed":{"vampirism:advanced_vampire":1,"minecraft:spider":1,"alexsmobs:bison":1,"alexsmobs:guster":1,"minecraft:pig":3,"minecraft:salmon":2,"enemyexpansion:sprinter":1,"minecraft:zombie":2,"alexsmobs:terrapin":2,"alexsmobs:gazelle":3,"minecraft:cow":5},"minecraft:custom":{"minecraft:interact_with_smithing_table":1,"minecraft:mob_kills":23,"minecraft:interact_with_crafting_table":28,"minecraft:open_barrel":16,"minecraft:bell_ring":1,"minecraft:leave_game":3,"minecraft:time_since_death":1114,"minecraft:climb_one_cm":5291,"minecraft:sprint_one_cm":355540,"minecraft:walk_one_cm":275402,"minecraft:drop":82,"minecraft:talked_to_villager":5,"minecraft:play_time":128081,"minecraft:sneak_time":6220,"minecraft:deaths":17,"minecraft:walk_under_water_one_cm":94398,"minecraft:boat_one_cm":362729,"minecraft:jump":2507,"minecraft:interact_with_blast_furnace":1,"minecraft:walk_on_water_one_cm":41126,"minecraft:total_world_time":128081,"minecraft:interact_with_furnace":28,"minecraft:sleep_in_bed":3,"minecraft:time_since_rest":1148,"minecraft:waystone_activated":3,"minecraft:damage_taken":6471,"minecraft:trigger_trapped_chest":1,"minecraft:damage_dealt":3724,"minecraft:swim_one_cm":117748,"minecraft:fly_one_cm":482610,"minecraft:open_chest":61,"minecraft:crouch_one_cm":8709,"minecraft:fall_one_cm":67173},"minecraft:picked_up":{"byg:windswept_sand":7,"byg:mahogany_log":17,"minecraft:crafting_table":3,"byg:soapstone":26,"minecraft:wooden_pickaxe":2,"byg:amaranth":1,"minecraft:stone_brick_stairs":1,"alexsmobs:gazelle_horn":1,"minecraft:string":2,"byg:jacaranda_boat":5,"byg:pine_log":3,"minecraft:sea_pickle":3,"minecraft:cracked_stone_bricks":1,"mysticalagriculture:inferium_essence":19,"minecraft:cobbled_deepslate":4,"minecraft:beef":23,"minecraft:oak_boat":1,"minecraft:iron_nugget":12,"minecraft:light_gray_wool":1,"minecraft:melon_slice":115,"minecraft:sugar_cane":21,"byg:mini_cactus":1,"minecraft:furnace":2,"minecraft:stick":4,"minecraft:raw_iron":15,"minecraft:torch":8,"minecraft:green_bed":6,"minecraft:sandstone_wall":1,"minecraft:porkchop":4,"byg:ebony_sapling":2,"tconstruct:sky_slime_dirt":2,"minecraft:pointed_dripstone":1,"byg:prickly_pear_cactus":1,"vampirism:blood_bottle":1,"minecraft:cactus":1,"minecraft:rotten_flesh":4,"byg:mahogany_sapling":2,"minecraft:mutton":2,"minecraft:iron_bars":3,"minecraft:white_wool":14,"minecraft:cobblestone":12,"byg:jacaranda_sapling":2,"tconstruct:greenheart_log":15,"minecraft:andesite":2,"minecraft:salmon":1,"minecraft:jungle_log":8,"minecraft:leather":4,"byg:mahogany_door":3,"minecraft:tuff":1,"simpletomb:grave_key":1,"minecraft:dirt":2,"minecraft:lantern":1,"byg:blue_sand":3,"byg:cyan_amaranth":2,"minecraft:smooth_sandstone":2,"minecraft:stone_bricks":1,"byg:ebony_log":21,"minecraft:kelp":1,"minecraft:wheat_seeds":3,"minecraft:stone_pickaxe":1,"minecraft:mossy_stone_bricks":1,"minecraft:mossy_stone_brick_wall":2,"minecraft:bamboo":19,"byg:jacaranda_log":19,"travelersbackpack:green_sleeping_bag":1,"minecraft:green_dye":1,"minecraft:jungle_planks":1,"minecraft:dark_oak_log":1,"minecraft:mossy_stone_brick_slab":1,"minecraft:cut_red_sandstone":1,"alexsmobs:guster_eye":1,"minecraft:slime_ball":5,"minecraft:granite":1,"minecraft:bread":6,"minecraft:coal":15},"minecraft:used":{"byg:pine_planks":5,"byg:jacaranda_boat":6,"minecraft:sandstone_wall":1,"simpletomb:grave_key":11,"minecraft:torch":30,"minecraft:dirt":1,"travelersbackpack:green_sleeping_bag":1,"minecraft:jungle_planks":21,"minecraft:carrot":5,"minecraft:dark_oak_planks":56,"minecraft:lantern":1,"minecraft:iron_axe":70,"minecraft:furnace":2,"byg:blue_sand":1,"minecraft:cooked_beef":1,"minecraft:cobbled_deepslate":1,"minecraft:cooked_mutton":1,"minecraft:stone_pickaxe":86,"minecraft:wooden_pickaxe":4,"minecraft:green_bed":4,"minecraft:salmon":1,"minecraft:crafting_table":6,"tconstruct:sky_slime_dirt":2,"minecraft:wooden_hoe":53,"minecraft:bread":13,"minecraft:melon_slice":38,"minecraft:iron_pickaxe":17,"byg:soapstone":13,"byg:mahogany_door":6,"minecraft:stone_axe":232,"minecraft:cobblestone":2,"byg:mahogany_boat":1,"minecraft:porkchop":1,"minecraft:cooked_porkchop":1,"minecraft:golden_pickaxe":11,"minecraft:experience_bottle":2,"byg:jacaranda_planks":39},"minecraft:crafted":{"byg:jacaranda_planks":76,"byg:jacaranda_boat":4,"byg:pine_planks":12,"minecraft:cooked_mutton":2,"minecraft:glass":18,"travelersbackpack:white_sleeping_bag":1,"minecraft:iron_axe":1,"travelersbackpack:green_sleeping_bag":1,"minecraft:stone_pickaxe":1,"byg:mahogany_planks":68,"minecraft:dark_oak_planks":56,"minecraft:cooked_beef":3,"minecraft:cooked_porkchop":1,"minecraft:crafting_table":3,"travelersbackpack:backpack_tank":2,"minecraft:golden_pickaxe":1,"minecraft:stone_axe":2,"minecraft:bread":4,"minecraft:air":0,"minecraft:jungle_planks":32,"byg:mahogany_door":12,"minecraft:wooden_hoe":1,"minecraft:stick":24,"minecraft:iron_ingot":16,"minecraft:iron_pickaxe":1,"minecraft:gold_ingot":4,"byg:ebony_planks":4,"minecraft:torch":56,"byg:mahogany_boat":1},"minecraft:dropped":{"byg:cyan_amaranth":2,"minecraft:wheat_seeds":3,"simpletomb:grave_key":3,"minecraft:horn_coral_block":4,"minecraft:cobblestone":1,"minecraft:granite":1,"minecraft:cracked_stone_bricks":1,"minecraft:emerald":4,"minecraft:wooden_hoe":1,"byg:soapstone":13,"minecraft:gold_nugget":4,"minecraft:cactus":3,"minecraft:smooth_sandstone":2,"minecraft:white_wool":11,"minecraft:goat_horn":1,"minecraft:kelp":6,"byg:prickly_pear_cactus":1,"minecraft:sugar_cane":21,"minecraft:iron_nugget":17,"minecraft:cobbled_deepslate":3,"minecraft:tuff":1,"byg:blue_sand":2,"minecraft:raw_iron":1,"minecraft:pointed_dripstone":1,"minecraft:rotten_flesh":4,"minecraft:light_gray_wool":1,"vampirism:blood_bottle":1,"byg:pine_planks":1,"byg:jacaranda_boat":2,"minecraft:cut_red_sandstone":1,"mysticalagriculture:inferium_essence":17,"minecraft:andesite":2,"byg:mini_cactus":1,"minecraft:oak_boat":1,"byg:windswept_sand":7,"byg:amaranth":1,"minecraft:slime_ball":5,"minecraft:iron_bars":2,"minecraft:stone_pickaxe":1,"minecraft:wooden_pickaxe":1,"byg:mahogany_door":3}},"DataVersion":3120}