{"stats":{"minecraft:mined":{"minecraft:kelp_plant":1,"minecraft:mossy_stone_brick_slab":1,"byg:golden_spined_cactus":1,"minecraft:stone_brick_slab":1,"minecraft:crafting_table":3,"minecraft:grass_block":1,"minecraft:jungle_planks":1,"minecraft:melon":12,"tconstruct:greenheart_log":15,"minecraft:jungle_log":8,"byg:mini_cactus":1,"byg:mahogany_log":23,"byg:ebony_leaves":30,"minecraft:hay_block":1,"minecraft:horn_coral":1,"minecraft:tall_seagrass":2,"minecraft:mossy_stone_brick_wall":2,"minecraft:sea_pickle":1,"minecraft:iron_ore":1,"byg:ebony_log":21,"byg:pine_log":4,"byg:windswept_sand":7,"minecraft:grass":10,"byg:blue_sand":3,"minecraft:coal_ore":2,"tconstruct:earth_slime_leaves":1,"minecraft:vine":17,"minecraft:iron_bars":1,"minecraft:cracked_stone_bricks":1,"tconstruct:earth_congealed_slime":1,"minecraft:bamboo":2,"byg:mahogany_leaves":61,"tconstruct:sky_slime_dirt":2,"minecraft:stone":8,"minecraft:stone_bricks":1,"minecraft:mossy_stone_bricks":1,"minecraft:green_bed":2,"minecraft:fern":2},"minecraft:killed_by":{"minecraft:skeleton":2,"minecraft:creeper":2,"minecraft:drowned":8},"minecraft:killed":{"minecraft:pig":2,"minecraft:cow":2},"minecraft:custom":{"minecraft:mob_kills":4,"minecraft:interact_with_crafting_table":13,"minecraft:open_barrel":16,"minecraft:leave_game":1,"minecraft:time_since_death":9195,"minecraft:climb_one_cm":5233,"minecraft:time_since_rest":9225,"minecraft:waystone_activated":1,"minecraft:sprint_one_cm":127465,"minecraft:damage_taken":4221,"minecraft:walk_one_cm":72565,"minecraft:trigger_trapped_chest":1,"minecraft:drop":37,"minecraft:damage_dealt":528,"minecraft:swim_one_cm":107663,"minecraft:fly_one_cm":180173,"minecraft:open_chest":37,"minecraft:crouch_one_cm":4054,"minecraft:play_time":54166,"minecraft:deaths":12,"minecraft:sneak_time":2752,"minecraft:walk_under_water_one_cm":78179,"minecraft:boat_one_cm":222584,"minecraft:jump":945,"minecraft:walk_on_water_one_cm":23535,"minecraft:total_world_time":54166,"minecraft:fall_one_cm":28756},"minecraft:picked_up":{"byg:windswept_sand":7,"byg:mahogany_log":17,"minecraft:crafting_table":3,"tconstruct:greenheart_log":15,"minecraft:jungle_log":8,"minecraft:leather":2,"byg:mahogany_door":3,"minecraft:wooden_pickaxe":2,"minecraft:stone_brick_stairs":1,"simpletomb:grave_key":1,"minecraft:dirt":1,"byg:blue_sand":3,"minecraft:sea_pickle":3,"minecraft:stone_bricks":1,"byg:pine_log":3,"byg:ebony_log":21,"minecraft:kelp":1,"minecraft:cracked_stone_bricks":1,"minecraft:wheat_seeds":2,"mysticalagriculture:inferium_essence":1,"minecraft:beef":6,"minecraft:mossy_stone_bricks":1,"minecraft:mossy_stone_brick_wall":2,"minecraft:bamboo":19,"minecraft:melon_slice":64,"byg:mini_cactus":1,"minecraft:stick":2,"minecraft:raw_iron":1,"minecraft:green_bed":2,"minecraft:porkchop":3,"minecraft:jungle_planks":1,"byg:ebony_sapling":2,"tconstruct:sky_slime_dirt":2,"minecraft:mossy_stone_brick_slab":1,"minecraft:slime_ball":5,"byg:mahogany_sapling":2,"minecraft:bread":6,"minecraft:coal":3,"minecraft:iron_bars":1,"minecraft:cobblestone":11},"minecraft:used":{"minecraft:stone_pickaxe":9,"minecraft:wooden_pickaxe":4,"byg:pine_planks":5,"simpletomb:grave_key":6,"minecraft:crafting_table":5,"minecraft:jungle_planks":21,"tconstruct:sky_slime_dirt":2,"minecraft:wooden_hoe":53,"minecraft:bread":5,"minecraft:melon_slice":24,"byg:mahogany_door":6,"minecraft:stone_axe":154,"byg:mahogany_boat":1,"byg:blue_sand":1,"minecraft:porkchop":1,"minecraft:golden_pickaxe":11},"minecraft:crafted":{"minecraft:crafting_table":3,"minecraft:golden_pickaxe":1,"byg:pine_planks":12,"minecraft:stone_axe":2,"minecraft:jungle_planks":32,"byg:mahogany_door":12,"minecraft:wooden_hoe":1,"minecraft:stick":8,"minecraft:stone_pickaxe":1,"byg:ebony_planks":4,"byg:mahogany_planks":68,"byg:mahogany_boat":1},"minecraft:dropped":{"minecraft:kelp":6,"minecraft:wheat_seeds":2,"minecraft:iron_nugget":5,"byg:blue_sand":2,"simpletomb:grave_key":3,"minecraft:horn_coral_block":4,"minecraft:cobblestone":1,"minecraft:cracked_stone_bricks":1,"minecraft:emerald":4,"minecraft:wooden_hoe":1,"byg:mini_cactus":1,"byg:windswept_sand":7,"minecraft:gold_nugget":4,"minecraft:slime_ball":5,"minecraft:wooden_pickaxe":1,"minecraft:cactus":2,"byg:mahogany_door":3}},"DataVersion":3120}