{"stats":{"minecraft:picked_up":{"minecraft:crafting_table":1,"minecraft:sweet_berries":46,"minecraft:spruce_sapling":1,"minecraft:spruce_log":15,"minecraft:coal":5,"byg:kovan_flower":1,"minecraft:dirt":13,"minecraft:cobblestone":3},"minecraft:mined":{"minecraft:grass_block":3,"minecraft:coal_ore":5,"minecraft:dirt":10,"minecraft:stone":3,"minecraft:sweet_berry_bush":19,"byg:kovan_flower":1,"minecraft:spruce_leaves":6,"minecraft:spruce_log":15,"minecraft:crafting_table":1,"minecraft:fern":1},"minecraft:dropped":{"minecraft:red_dye":1},"minecraft:used":{"minecraft:crafting_table":2,"minecraft:stone_pickaxe":5,"minecraft:wooden_pickaxe":16},"minecraft:crafted":{"minecraft:red_dye":1,"minecraft:crafting_table":1,"minecraft:spruce_planks":60,"minecraft:stick":4,"minecraft:stone_pickaxe":1,"minecraft:wooden_pickaxe":1},"minecraft:custom":{"minecraft:time_since_rest":3909,"minecraft:crouch_one_cm":4,"minecraft:play_time":3909,"minecraft:sprint_one_cm":5461,"minecraft:walk_one_cm":9525,"minecraft:sneak_time":25,"minecraft:walk_under_water_one_cm":82,"minecraft:drop":1,"minecraft:jump":37,"minecraft:leave_game":1,"minecraft:damage_dealt":10,"minecraft:time_since_death":3909,"minecraft:walk_on_water_one_cm":440,"minecraft:total_world_time":3909,"minecraft:interact_with_crafting_table":2,"minecraft:fly_one_cm":7413,"minecraft:fall_one_cm":418}},"DataVersion":3120}