{"stats":{"minecraft:broken":{"minecraft:stone_pickaxe":1,"minecraft:stone_axe":5,"minecraft:iron_sword":2,"minecraft:iron_axe":2,"minecraft:iron_pickaxe":1},"minecraft:mined":{"byg:cattail":1,"minecraft:cave_vines_plant":1,"minecraft:granite":2,"minecraft:grass_block":97,"minecraft:jungle_log":3,"byg:jacaranda_door":8,"minecraft:deepslate_bricks":3,"byg:white_mangrove_leaves":28,"byg:mahogany_log":4,"botania:cyan_mushroom":1,"minecraft:raw_iron_block":8,"minecraft:glowstone":1,"minecraft:cobbled_deepslate":1,"minecraft:iron_ore":81,"minecraft:sticky_piston":5,"minecraft:fire":7,"byg:tall_beach_grass":1,"minecraft:pumpkin":1,"minecraft:pointed_dripstone":1,"byg:rainbow_eucalyptus_leaves":22,"botania:brown_mystical_flower":3,"minecraft:green_bed":2,"minecraft:smoker":1,"minecraft:torch":2,"minecraft:light_gray_terracotta":1,"minecraft:blast_furnace":1,"minecraft:chest":1,"byg:firecracker_flower_bush":28,"minecraft:cobblestone":11,"minecraft:white_candle":8,"minecraft:wall_torch":10,"minecraft:seagrass":1,"byg:jacaranda_leaves":460,"byg:soapstone":7,"minecraft:blue_terracotta":1,"byg:cyan_amaranth":2,"byg:jacaranda_planks":32,"byg:jacaranda_fence":1,"minecraft:grass":121,"minecraft:cracked_deepslate_tiles":1,"minecraft:oak_log":12,"minecraft:sand":1,"minecraft:dirt":5,"minecraft:raw_copper_block":9,"minecraft:oak_leaves":33,"minecraft:deepslate":25,"byg:rainbow_eucalyptus_planks":2,"minecraft:tuff":1,"minecraft:deepslate_diamond_ore":4,"byg:mahogany_planks":1,"byg:jacaranda_log":588,"minecraft:redstone_wire":1,"minecraft:birch_slab":1,"minecraft:sandstone":7,"minecraft:hay_block":32,"minecraft:furnace":1,"minecraft:carrots":57,"minecraft:andesite":11,"byg:flowering_jacaranda_leaves":139,"byg:stripped_jacaranda_log":1,"minecraft:deepslate_iron_ore":4,"minecraft:vine":2,"minecraft:lantern":2,"minecraft:stone":102,"byg:firecracker_leaves":93,"minecraft:smithing_table":1,"byg:araucaria_leaves":9,"byg:rainbow_eucalyptus_log":1,"minecraft:crafting_table":13,"byg:flowering_jacaranda_bush":3,"vampirism:coffin_gray":1,"byg:amaranth":2,"minecraft:tall_grass":15,"minecraft:lapis_ore":1,"minecraft:sculk":76,"minecraft:diorite":8,"botania:pink_mystical_flower":1,"minecraft:gray_wool":2,"byg:jacaranda_sapling":11,"byg:jacaranda_slab":73,"minecraft:coal_ore":158,"minecraft:dripstone_block":16,"minecraft:terracotta":2,"byg:shrub":2,"minecraft:stone_bricks":15,"minecraft:gold_ore":39,"minecraft:iron_trapdoor":1,"minecraft:fern":1},"minecraft:killed_by":{"vampirism:advanced_vampire":1,"minecraft:creeper":1,"enemyexpansion:huntsman":1,"sons_of_sins:betrayed_guzzler":2,"minecraft:zombie":2,"vampirism:hunter":1,"enemyexpansion:invisicreeper":3,"alexsmobs:skelewag":3,"minecraft:enderman":1,"minecraft:skeleton":1},"minecraft:killed":{"vampirism:vampire":1,"minecraft:zombified_piglin":35,"minecraft:witch":1,"enemyexpansion:equestrian":2,"minecraft:spider":13,"minecraft:skeleton":15,"vampirism:advanced_hunter":4,"minecraft:iron_golem":2,"vampirism:hunter":16,"minecraft:pillager":5,"enemyexpansion:meature":2,"minecraft:zombie":24,"alexsmobs:fly":1,"enemyexpansion:direwolf":9,"minecraft:husk":2,"alexsmobs:guster":1,"enemyexpansion:sprinter":4,"enemyexpansion:crawler":1,"alexsmobs:catfish":1,"enemyexpansion:huntsman":3,"minecraft:enderman":1,"enemyexpansion:slugger":1},"minecraft:custom":{"minecraft:animals_bred":32,"minecraft:interact_with_crafting_table":53,"minecraft:open_barrel":2,"minecraft:leave_game":11,"minecraft:time_since_death":36863,"minecraft:damage_resisted":620,"minecraft:sprint_one_cm":643260,"minecraft:damage_blocked_by_shield":716,"minecraft:drop":73,"minecraft:play_time":445151,"minecraft:deaths":21,"minecraft:jump":5843,"minecraft:walk_on_water_one_cm":14704,"minecraft:interact_with_furnace":26,"minecraft:sleep_in_bed":10,"minecraft:waystone_activated":2,"minecraft:damage_dealt":32046,"minecraft:crouch_one_cm":44982,"minecraft:mob_kills":141,"minecraft:damage_dealt_resisted":981,"minecraft:climb_one_cm":10887,"minecraft:walk_one_cm":1090623,"vampirism:infected_creatures":1,"minecraft:sneak_time":29363,"minecraft:walk_under_water_one_cm":43867,"minecraft:boat_one_cm":290102,"minecraft:interact_with_blast_furnace":7,"minecraft:total_world_time":445151,"minecraft:time_since_rest":12555,"minecraft:damage_taken":315183,"minecraft:trigger_trapped_chest":3,"minecraft:swim_one_cm":134908,"minecraft:fly_one_cm":2524731,"minecraft:open_chest":110,"minecraft:fall_one_cm":210133},"minecraft:picked_up":{"byg:mahogany_log":10,"minecraft:iron_chestplate":2,"byg:flowering_jacaranda_bush":16,"minecraft:smithing_table":1,"byg:amaranth":1,"byg:rainbow_eucalyptus_sapling":2,"minecraft:golden_sword":1,"minecraft:string":6,"byg:jacaranda_boat":3,"minecraft:sticky_piston":5,"minecraft:iron_leggings":1,"minecraft:diamond_leggings":1,"mysticalagriculture:inferium_essence":37,"minecraft:gold_nugget":11,"minecraft:cobbled_deepslate":48,"byg:jacaranda_slab":77,"minecraft:iron_pickaxe":4,"minecraft:iron_boots":1,"minecraft:stick":63,"minecraft:brown_terracotta":2,"minecraft:porkchop":5,"mysticalagriculture:prosperity_shard":3,"minecraft:torch":55,"minecraft:green_bed":3,"byg:white_mangrove_sapling":1,"vampirism:holy_water_bottle_enhanced":1,"minecraft:diorite":7,"minecraft:pointed_dripstone":2,"vampirism:vampire_fang":1,"vampirism:amulet":2,"vampirism:blood_bottle":1,"minecraft:rotten_flesh":52,"minecraft:cobblestone":167,"vampirism:vampire_book":2,"minecraft:leather_chestplate":1,"minecraft:andesite":8,"minecraft:birch_slab":1,"minecraft:jungle_log":3,"byg:jacaranda_fence":1,"minecraft:smoker":1,"byg:stripped_jacaranda_log":1,"minecraft:potato":1,"minecraft:lantern":2,"minecraft:lapis_lazuli":5,"minecraft:dirt":100,"minecraft:bone":18,"botania:pink_mystical_flower":1,"minecraft:wheat_seeds":25,"minecraft:raw_gold":39,"minecraft:glowstone_dust":2,"minecraft:stone_hoe":1,"byg:jacaranda_planks":36,"minecraft:jungle_planks":1,"minecraft:grass_block":1,"minecraft:red_terracotta":1,"minecraft:white_candle":14,"alexsmobs:guster_eye":1,"minecraft:blue_terracotta":1,"minecraft:diamond":4,"minecraft:writable_book":1,"minecraft:granite":1,"minecraft:oak_sapling":10,"minecraft:crafting_table":13,"byg:soapstone":6,"byg:rainbow_eucalyptus_planks":3,"minecraft:wooden_sword":1,"minecraft:iron_shovel":1,"byg:mahogany_planks":1,"minecraft:jungle_sapling":1,"byg:shrub":2,"minecraft:chest":1,"minecraft:raw_copper_block":9,"minecraft:egg":1,"minecraft:raw_iron":94,"minecraft:sandstone":1,"minecraft:carrot":198,"minecraft:arrow":18,"minecraft:hay_block":32,"minecraft:glow_berries":2,"byg:rocky_stone":1,"minecraft:white_wool":9,"byg:jacaranda_sapling":79,"vampirism:vampire_blood_bottle":1,"waystones:sandy_waystone":1,"minecraft:oak_log":12,"minecraft:gunpowder":4,"byg:firecracker_flower_bush":28,"byg:cyan_amaranth":2,"vampirism:human_heart":6,"byg:rainbow_eucalyptus_log":1,"minecraft:stone_bricks":15,"minecraft:iron_ingot":10,"minecraft:glass_bottle":4,"vampirism:holy_water_bottle_ultimate":2,"byg:jacaranda_log":581,"minecraft:iron_sword":1,"minecraft:raw_iron_block":8,"minecraft:dripstone_block":15,"minecraft:gravel":5,"minecraft:spruce_sapling":4,"minecraft:blast_furnace":1,"minecraft:spruce_log":1,"minecraft:spider_eye":3,"minecraft:leather_helmet":1,"alexsmobs:raw_catfish":2,"vampirism:coffin_gray":2,"travelersbackpack:standard":1,"minecraft:sculk_sensor":1,"byg:jacaranda_door":9,"minecraft:terracotta":2,"minecraft:black_wool":3,"minecraft:coal":197,"botania:brown_mystical_flower":3,"minecraft:ender_pearl":1},"minecraft:used":{"minecraft:writable_book":3,"byg:flowering_jacaranda_bush":3,"minecraft:iron_shovel":111,"byg:jacaranda_log":221,"minecraft:diamond_hoe":392,"minecraft:chest":6,"minecraft:shield":20,"minecraft:stone":3,"minecraft:iron_sword":416,"byg:jacaranda_boat":2,"minecraft:iron_chestplate":1,"minecraft:carrot":77,"minecraft:lantern":26,"minecraft:grass_block":1,"minecraft:stone_bricks":140,"byg:rainbow_eucalyptus_planks":5,"byg:jacaranda_slab":137,"minecraft:furnace":2,"minecraft:egg":1,"minecraft:diorite":5,"vampirism:coffin_gray":2,"minecraft:stone_pickaxe":153,"minecraft:wooden_pickaxe":6,"minecraft:glow_berries":1,"minecraft:blast_furnace":1,"minecraft:dripstone_block":15,"byg:jacaranda_fence":28,"minecraft:bread":44,"minecraft:wooden_sword":7,"byg:jacaranda_sapling":83,"minecraft:andesite":2,"minecraft:bone_meal":219,"byg:jacaranda_planks":312,"waystones:sandy_waystone":1,"minecraft:stone_sword":107,"byg:firecracker_flower_bush":2,"minecraft:stone_shovel":94,"minecraft:stone_hoe":21,"simpletomb:grave_key":21,"minecraft:torch":31,"minecraft:dirt":23,"minecraft:iron_axe":468,"minecraft:cobbled_deepslate":16,"minecraft:crafting_table":14,"byg:jacaranda_door":13,"byg:mahogany_planks":28,"minecraft:oak_log":4,"minecraft:iron_pickaxe":436,"minecraft:stone_axe":680,"minecraft:cobblestone":28,"travelersbackpack:standard":2,"byg:mahogany_boat":1,"byg:cyan_amaranth":2},"minecraft:crafted":{"minecraft:stone":159,"byg:jacaranda_slab":126,"minecraft:iron_boots":2,"minecraft:chest":5,"minecraft:stone_hoe":1,"minecraft:stone_bricks":156,"byg:rainbow_eucalyptus_planks":4,"minecraft:crafting_table":2,"minecraft:wooden_pickaxe":2,"minecraft:iron_helmet":1,"minecraft:gold_block":4,"byg:jacaranda_door":6,"minecraft:iron_chestplate":2,"minecraft:shield":1,"minecraft:stick":60,"minecraft:iron_ingot":160,"minecraft:iron_pickaxe":2,"minecraft:stone_sword":1,"minecraft:gold_ingot":39,"minecraft:shears":1,"byg:jacaranda_planks":500,"minecraft:wooden_sword":1,"minecraft:raw_iron":72,"minecraft:stone_shovel":1,"minecraft:iron_nugget":423,"minecraft:furnace":2,"byg:jacaranda_fence":33,"minecraft:bone_meal":222,"minecraft:lantern":24,"minecraft:iron_axe":3,"minecraft:stone_pickaxe":2,"byg:mahogany_planks":40,"minecraft:wheat":142,"minecraft:iron_sword":2,"minecraft:stone_axe":5,"minecraft:bread":64,"minecraft:air":0,"minecraft:jungle_planks":12,"minecraft:iron_shovel":2,"minecraft:iron_leggings":2,"minecraft:torch":84,"byg:mahogany_boat":1},"minecraft:dropped":{"vampirism:human_heart":1,"minecraft:glass_bottle":2,"minecraft:jungle_planks":1,"minecraft:birch_slab":1,"minecraft:leather_helmet":1,"byg:jacaranda_slab":1,"minecraft:gold_nugget":11,"minecraft:wooden_sword":1,"minecraft:writable_book":1,"minecraft:iron_pickaxe":3,"minecraft:gravel":2,"minecraft:cobbled_deepslate":18,"minecraft:rotten_flesh":25,"minecraft:white_candle":2,"minecraft:carrot":2,"minecraft:gunpowder":4,"byg:rocky_stone":1,"mysticalagriculture:inferium_essence":16,"minecraft:bread":45,"minecraft:iron_ingot":2,"minecraft:wheat_seeds":1,"byg:jacaranda_sapling":1,"vampirism:vampire_book":1,"minecraft:cobblestone":3,"vampirism:amulet":1,"alexsmobs:raw_catfish":2,"minecraft:stick":5,"byg:rainbow_eucalyptus_planks":1,"byg:firecracker_flower_bush":4,"byg:soapstone":2,"minecraft:iron_leggings":3,"minecraft:brown_terracotta":2,"minecraft:iron_shovel":1,"minecraft:string":2,"minecraft:blue_terracotta":1,"byg:shrub":1,"minecraft:green_bed":1,"minecraft:iron_boots":2,"minecraft:red_terracotta":1,"minecraft:iron_chestplate":3,"minecraft:oak_sapling":5,"minecraft:golden_sword":1,"byg:amaranth":1,"minecraft:spider_eye":2,"minecraft:stone_pickaxe":1,"minecraft:wooden_pickaxe":1,"minecraft:terracotta":1}},"DataVersion":3120}