{"stats":{"minecraft:killed_by":{"minecraft:zombie":2},"minecraft:mined":{"byg:rainbow_eucalyptus_planks":2,"byg:rainbow_eucalyptus_log":1,"minecraft:smoker":1,"byg:cattail":1,"minecraft:crafting_table":5,"minecraft:cave_vines_plant":1,"minecraft:granite":1,"minecraft:grass_block":2,"byg:mahogany_planks":1,"minecraft:jungle_log":3,"minecraft:cobblestone":5,"minecraft:diorite":5,"byg:mahogany_log":4,"minecraft:hay_block":16,"byg:soapstone":5,"minecraft:fire":6,"byg:tall_beach_grass":1,"minecraft:andesite":3,"minecraft:grass":7,"minecraft:coal_ore":56,"byg:rainbow_eucalyptus_leaves":22,"minecraft:stone":15,"minecraft:oak_leaves":33,"minecraft:green_bed":2,"minecraft:fern":1},"minecraft:picked_up":{"byg:mahogany_log":10,"minecraft:crafting_table":5,"byg:soapstone":5,"minecraft:jungle_log":3,"byg:rainbow_eucalyptus_planks":2,"minecraft:smoker":1,"byg:rainbow_eucalyptus_sapling":2,"minecraft:wooden_sword":1,"byg:rainbow_eucalyptus_log":1,"mysticalagriculture:inferium_essence":3,"byg:mahogany_planks":1,"minecraft:jungle_sapling":1,"minecraft:iron_sword":1,"minecraft:egg":1,"minecraft:stick":2,"minecraft:green_bed":2,"minecraft:diorite":5,"minecraft:rotten_flesh":3,"minecraft:hay_block":16,"minecraft:oak_sapling":5,"minecraft:glow_berries":2,"minecraft:coal":55,"minecraft:cobblestone":16},"minecraft:killed":{"minecraft:spider":1,"minecraft:zombie":5},"minecraft:crafted":{"minecraft:wooden_sword":1,"byg:rainbow_eucalyptus_planks":4,"minecraft:crafting_table":1,"minecraft:wooden_pickaxe":1,"minecraft:stone_axe":1,"minecraft:jungle_planks":12,"minecraft:stick":20,"minecraft:stone_pickaxe":1,"minecraft:stone_sword":1,"byg:mahogany_planks":40,"minecraft:stone_hoe":1,"byg:mahogany_boat":1},"minecraft:custom":{"minecraft:mob_kills":8,"minecraft:interact_with_crafting_table":7,"minecraft:open_barrel":1,"minecraft:leave_game":2,"minecraft:time_since_death":28934,"minecraft:sleep_in_bed":1,"minecraft:climb_one_cm":7978,"minecraft:time_since_rest":26098,"minecraft:waystone_activated":1,"minecraft:sprint_one_cm":101563,"minecraft:damage_taken":1502,"minecraft:walk_one_cm":95659,"minecraft:trigger_trapped_chest":1,"minecraft:drop":5,"minecraft:damage_dealt":1862,"minecraft:swim_one_cm":2562,"minecraft:fly_one_cm":246656,"minecraft:open_chest":8,"minecraft:crouch_one_cm":2254,"minecraft:play_time":47574,"minecraft:deaths":2,"minecraft:sneak_time":1086,"minecraft:walk_under_water_one_cm":3833,"minecraft:boat_one_cm":201696,"minecraft:jump":1175,"minecraft:walk_on_water_one_cm":4584,"minecraft:total_world_time":47574,"minecraft:fall_one_cm":36879},"minecraft:used":{"minecraft:diorite":5,"minecraft:stone_sword":23,"minecraft:stone_pickaxe":88,"minecraft:wooden_pickaxe":3,"minecraft:iron_sword":13,"minecraft:stone_hoe":18,"simpletomb:grave_key":2,"minecraft:glow_berries":1,"minecraft:crafting_table":5,"byg:mahogany_planks":17,"minecraft:bread":19,"minecraft:stone_axe":7,"byg:rainbow_eucalyptus_planks":5,"minecraft:wooden_sword":7,"byg:mahogany_boat":1,"minecraft:egg":1},"minecraft:dropped":{"minecraft:bread":4,"minecraft:cobblestone":3,"minecraft:wooden_sword":1,"minecraft:wooden_pickaxe":1}},"DataVersion":3120}