{"stats":{"minecraft:broken":{"minecraft:stone_pickaxe":1,"minecraft:stone_axe":5,"minecraft:iron_sword":1,"minecraft:iron_pickaxe":1},"minecraft:mined":{"byg:rainbow_eucalyptus_planks":2,"minecraft:tuff":1,"minecraft:deepslate_diamond_ore":4,"byg:cattail":1,"minecraft:cave_vines_plant":1,"minecraft:granite":1,"minecraft:grass_block":97,"byg:mahogany_planks":1,"byg:jacaranda_log":441,"minecraft:jungle_log":3,"byg:jacaranda_door":8,"minecraft:redstone_wire":1,"minecraft:deepslate_bricks":3,"minecraft:birch_slab":1,"minecraft:sandstone":1,"byg:white_mangrove_leaves":28,"byg:mahogany_log":4,"minecraft:hay_block":16,"botania:cyan_mushroom":1,"minecraft:sticky_piston":5,"minecraft:furnace":1,"minecraft:carrots":16,"minecraft:iron_ore":69,"minecraft:cobbled_deepslate":1,"minecraft:fire":7,"byg:tall_beach_grass":1,"minecraft:andesite":11,"byg:flowering_jacaranda_leaves":72,"minecraft:pumpkin":1,"byg:stripped_jacaranda_log":1,"minecraft:pointed_dripstone":1,"minecraft:deepslate_iron_ore":4,"minecraft:vine":2,"minecraft:lantern":2,"byg:rainbow_eucalyptus_leaves":22,"minecraft:stone":89,"byg:firecracker_leaves":24,"minecraft:green_bed":2,"minecraft:smithing_table":1,"byg:rainbow_eucalyptus_log":1,"minecraft:smoker":1,"minecraft:crafting_table":13,"minecraft:torch":2,"minecraft:light_gray_terracotta":1,"byg:flowering_jacaranda_bush":3,"minecraft:blast_furnace":1,"vampirism:coffin_gray":1,"byg:amaranth":2,"minecraft:white_candle":8,"byg:firecracker_flower_bush":23,"minecraft:tall_grass":12,"minecraft:cobblestone":6,"minecraft:lapis_ore":1,"minecraft:sculk":76,"minecraft:wall_torch":10,"minecraft:diorite":8,"botania:pink_mystical_flower":1,"minecraft:seagrass":1,"minecraft:gray_wool":2,"byg:jacaranda_leaves":178,"byg:soapstone":7,"byg:jacaranda_sapling":3,"byg:cyan_amaranth":2,"byg:jacaranda_slab":73,"byg:jacaranda_planks":32,"byg:jacaranda_fence":1,"minecraft:cracked_deepslate_tiles":1,"minecraft:grass":100,"minecraft:oak_log":4,"minecraft:coal_ore":152,"minecraft:dirt":5,"minecraft:dripstone_block":16,"minecraft:sand":1,"minecraft:terracotta":1,"byg:shrub":1,"minecraft:stone_bricks":14,"minecraft:iron_trapdoor":1,"minecraft:oak_leaves":33,"minecraft:deepslate":25,"minecraft:fern":1},"minecraft:killed_by":{"alexsmobs:skelewag":3,"vampirism:advanced_vampire":1,"minecraft:creeper":1,"minecraft:enderman":1,"enemyexpansion:huntsman":1,"sons_of_sins:betrayed_guzzler":2,"minecraft:skeleton":1,"minecraft:zombie":2,"enemyexpansion:invisicreeper":3},"minecraft:killed":{"vampirism:vampire":1,"minecraft:witch":1,"enemyexpansion:equestrian":2,"minecraft:spider":8,"enemyexpansion:direwolf":7,"minecraft:skeleton":11,"minecraft:husk":2,"enemyexpansion:sprinter":3,"enemyexpansion:crawler":1,"alexsmobs:catfish":1,"minecraft:pillager":5,"enemyexpansion:meature":2,"minecraft:zombie":16,"enemyexpansion:huntsman":3,"alexsmobs:fly":1,"minecraft:enderman":1,"enemyexpansion:slugger":1},"minecraft:custom":{"minecraft:mob_kills":74,"minecraft:animals_bred":14,"minecraft:interact_with_crafting_table":46,"minecraft:open_barrel":1,"minecraft:leave_game":5,"minecraft:time_since_death":17923,"minecraft:climb_one_cm":10583,"minecraft:damage_resisted":410,"minecraft:sprint_one_cm":546441,"minecraft:walk_one_cm":824807,"minecraft:damage_blocked_by_shield":416,"minecraft:drop":59,"minecraft:play_time":342806,"minecraft:sneak_time":21837,"minecraft:deaths":18,"minecraft:walk_under_water_one_cm":43867,"minecraft:boat_one_cm":290102,"minecraft:jump":4959,"minecraft:walk_on_water_one_cm":14603,"minecraft:total_world_time":342806,"minecraft:interact_with_furnace":21,"minecraft:sleep_in_bed":5,"minecraft:time_since_rest":17950,"minecraft:waystone_activated":1,"minecraft:damage_taken":311533,"minecraft:trigger_trapped_chest":1,"minecraft:damage_dealt":16047,"minecraft:swim_one_cm":134908,"minecraft:fly_one_cm":1530443,"minecraft:open_chest":86,"minecraft:crouch_one_cm":39457,"minecraft:fall_one_cm":165030},"minecraft:picked_up":{"byg:soapstone":6,"minecraft:iron_chestplate":2,"byg:mahogany_log":10,"minecraft:crafting_table":13,"byg:flowering_jacaranda_bush":12,"byg:rainbow_eucalyptus_planks":3,"minecraft:smithing_table":1,"byg:amaranth":1,"byg:rainbow_eucalyptus_sapling":2,"minecraft:sticky_piston":5,"minecraft:string":3,"byg:jacaranda_boat":3,"minecraft:wooden_sword":1,"minecraft:iron_leggings":1,"minecraft:diamond_leggings":1,"mysticalagriculture:inferium_essence":25,"minecraft:cobbled_deepslate":48,"byg:mahogany_planks":1,"minecraft:jungle_sapling":1,"byg:jacaranda_slab":77,"minecraft:iron_pickaxe":3,"byg:shrub":1,"minecraft:iron_boots":1,"minecraft:egg":1,"minecraft:stick":45,"minecraft:raw_iron":82,"minecraft:brown_terracotta":2,"minecraft:torch":55,"mysticalagriculture:prosperity_shard":3,"minecraft:green_bed":3,"minecraft:porkchop":5,"byg:white_mangrove_sapling":1,"minecraft:diorite":7,"minecraft:pointed_dripstone":2,"vampirism:vampire_fang":1,"minecraft:carrot":61,"minecraft:arrow":16,"vampirism:blood_bottle":1,"minecraft:rotten_flesh":31,"minecraft:hay_block":16,"minecraft:glow_berries":2,"minecraft:cobblestone":85,"minecraft:leather_chestplate":1,"byg:jacaranda_sapling":43,"minecraft:andesite":8,"minecraft:birch_slab":1,"minecraft:jungle_log":3,"byg:jacaranda_fence":1,"minecraft:smoker":1,"byg:stripped_jacaranda_log":1,"minecraft:oak_log":4,"minecraft:gunpowder":4,"minecraft:lantern":2,"minecraft:lapis_lazuli":5,"byg:firecracker_flower_bush":23,"minecraft:dirt":100,"byg:cyan_amaranth":2,"minecraft:bone":16,"byg:rainbow_eucalyptus_log":1,"minecraft:stone_bricks":14,"botania:pink_mystical_flower":1,"minecraft:wheat_seeds":16,"minecraft:iron_ingot":10,"minecraft:glass_bottle":4,"byg:jacaranda_log":434,"minecraft:stone_hoe":1,"minecraft:iron_sword":1,"minecraft:dripstone_block":15,"minecraft:gravel":5,"byg:jacaranda_planks":36,"minecraft:jungle_planks":1,"minecraft:blast_furnace":1,"minecraft:grass_block":1,"minecraft:red_terracotta":1,"minecraft:leather_helmet":1,"vampirism:coffin_gray":2,"travelersbackpack:standard":1,"alexsmobs:raw_catfish":2,"minecraft:white_candle":14,"minecraft:sculk_sensor":1,"minecraft:diamond":4,"byg:jacaranda_door":9,"minecraft:writable_book":1,"minecraft:terracotta":1,"minecraft:ender_pearl":1,"minecraft:oak_sapling":10,"minecraft:coal":191},"minecraft:used":{"minecraft:iron_shovel":107,"byg:flowering_jacaranda_bush":3,"minecraft:writable_book":3,"minecraft:stone_sword":107,"byg:jacaranda_log":208,"byg:firecracker_flower_bush":1,"minecraft:stone_shovel":94,"minecraft:chest":4,"minecraft:shield":12,"minecraft:stone":3,"minecraft:iron_sword":164,"byg:jacaranda_boat":2,"minecraft:stone_hoe":21,"minecraft:iron_chestplate":1,"simpletomb:grave_key":18,"minecraft:torch":31,"minecraft:dirt":23,"minecraft:carrot":23,"minecraft:grass_block":1,"minecraft:lantern":26,"minecraft:iron_axe":221,"minecraft:stone_bricks":106,"byg:rainbow_eucalyptus_planks":5,"byg:jacaranda_slab":137,"minecraft:furnace":2,"minecraft:egg":1,"minecraft:cobbled_deepslate":16,"minecraft:diorite":5,"vampirism:coffin_gray":2,"minecraft:stone_pickaxe":153,"minecraft:wooden_pickaxe":6,"minecraft:glow_berries":1,"minecraft:crafting_table":14,"byg:jacaranda_door":13,"minecraft:dripstone_block":15,"minecraft:oak_log":4,"byg:mahogany_planks":28,"byg:jacaranda_fence":28,"minecraft:bread":44,"minecraft:iron_pickaxe":332,"minecraft:stone_axe":680,"minecraft:wooden_sword":7,"minecraft:cobblestone":13,"travelersbackpack:standard":2,"byg:jacaranda_sapling":47,"byg:mahogany_boat":1,"byg:cyan_amaranth":2,"minecraft:andesite":2,"minecraft:bone_meal":52,"byg:jacaranda_planks":312},"minecraft:crafted":{"byg:jacaranda_planks":500,"minecraft:wooden_sword":1,"minecraft:stone_shovel":1,"minecraft:iron_nugget":423,"minecraft:furnace":2,"minecraft:stone":95,"byg:jacaranda_fence":33,"minecraft:bone_meal":222,"minecraft:lantern":24,"byg:jacaranda_slab":126,"minecraft:iron_boots":2,"minecraft:iron_axe":1,"minecraft:stone_pickaxe":2,"minecraft:chest":4,"byg:mahogany_planks":40,"minecraft:stone_hoe":1,"minecraft:stone_bricks":92,"minecraft:wheat":142,"byg:rainbow_eucalyptus_planks":4,"minecraft:crafting_table":2,"minecraft:wooden_pickaxe":2,"minecraft:iron_helmet":1,"minecraft:iron_sword":1,"minecraft:stone_axe":5,"minecraft:bread":64,"minecraft:air":0,"minecraft:jungle_planks":12,"byg:jacaranda_door":6,"minecraft:iron_chestplate":2,"minecraft:shield":1,"minecraft:stick":60,"minecraft:iron_ingot":96,"minecraft:iron_pickaxe":1,"minecraft:iron_shovel":2,"minecraft:stone_sword":1,"minecraft:iron_leggings":2,"minecraft:torch":84,"byg:mahogany_boat":1},"minecraft:dropped":{"minecraft:bread":45,"minecraft:iron_ingot":2,"minecraft:wheat_seeds":1,"byg:jacaranda_sapling":1,"minecraft:glass_bottle":2,"minecraft:cobblestone":3,"minecraft:jungle_planks":1,"minecraft:birch_slab":1,"minecraft:leather_helmet":1,"alexsmobs:raw_catfish":2,"minecraft:stick":4,"byg:rainbow_eucalyptus_planks":1,"byg:firecracker_flower_bush":4,"byg:soapstone":2,"byg:jacaranda_slab":1,"minecraft:brown_terracotta":2,"minecraft:iron_leggings":3,"minecraft:writable_book":1,"minecraft:wooden_sword":1,"minecraft:iron_pickaxe":2,"minecraft:gravel":2,"minecraft:cobbled_deepslate":18,"byg:shrub":1,"minecraft:green_bed":1,"minecraft:rotten_flesh":25,"minecraft:white_candle":2,"minecraft:iron_boots":2,"minecraft:carrot":2,"minecraft:red_terracotta":1,"minecraft:gunpowder":4,"minecraft:iron_chestplate":3,"mysticalagriculture:inferium_essence":11,"minecraft:oak_sapling":5,"byg:amaranth":1,"minecraft:stone_pickaxe":1,"minecraft:wooden_pickaxe":1,"minecraft:terracotta":1}},"DataVersion":3120}