{"stats":{"minecraft:picked_up":{"minecraft:crafting_table":2,"byg:soapstone":5,"minecraft:cooked_beef":2,"minecraft:suspicious_stew":1,"byg:tall_pink_allium":1,"minecraft:leather":3,"minecraft:oak_stairs":1,"alexsmobs:bison_fur":2,"minecraft:oak_log":8,"byg:dacite_cobblestone":3,"minecraft:string":4,"minecraft:dirt":24,"mysticalagriculture:inferium_essence":10,"minecraft:spruce_planks":5,"minecraft:beef":11,"minecraft:sugar_cane":2,"minecraft:oak_planks":34,"minecraft:furnace":1,"minecraft:stick":2,"minecraft:raw_iron":23,"botania:gray_double_flower":2,"minecraft:chiseled_stone_bricks":1,"vampirism:ring":1,"minecraft:torch":12,"minecraft:bowl":1,"minecraft:porkchop":2,"vampirism:holy_water_bottle_enhanced":1,"minecraft:spruce_sapling":1,"minecraft:spruce_log":2,"vampirism:blood_bottle":1,"minecraft:rotten_flesh":9,"botania:light_gray_mystical_flower":4,"minecraft:hay_block":3,"minecraft:lever":2,"alexsmobs:maggot":2,"byg:palm_log":2,"minecraft:oak_sapling":4,"botania:blue_double_flower":1,"botania:green_mystical_flower":1,"minecraft:coal":34,"minecraft:cobblestone":102,"minecraft:sunflower":1},"minecraft:broken":{"minecraft:stone_pickaxe":1},"minecraft:custom":{"minecraft:interact_with_furnace":3,"minecraft:mob_kills":18,"minecraft:interact_with_crafting_table":12,"minecraft:damage_dealt_resisted":104,"minecraft:leave_game":3,"minecraft:time_since_death":0,"minecraft:climb_one_cm":579,"minecraft:time_since_rest":255,"minecraft:sprint_one_cm":259568,"minecraft:damage_taken":1946,"minecraft:walk_one_cm":203953,"minecraft:drop":14,"minecraft:damage_dealt":5728,"minecraft:swim_one_cm":30842,"minecraft:fly_one_cm":662228,"minecraft:open_chest":14,"minecraft:crouch_one_cm":8107,"minecraft:play_time":97678,"minecraft:deaths":4,"minecraft:sneak_time":5164,"minecraft:walk_under_water_one_cm":6444,"minecraft:jump":2949,"minecraft:walk_on_water_one_cm":18029,"minecraft:total_world_time":97678,"minecraft:fall_one_cm":101143},"minecraft:crafted":{"minecraft:cooked_beef":6,"minecraft:oak_planks":20,"minecraft:crafting_table":3,"minecraft:spruce_planks":8,"minecraft:wooden_pickaxe":1,"minecraft:furnace":1,"minecraft:stone_axe":1,"minecraft:bread":2,"minecraft:air":0,"minecraft:stick":12,"minecraft:stone_pickaxe":2,"minecraft:stone_sword":1,"minecraft:torch":12},"minecraft:killed_by":{"minecraft:creeper":1,"minecraft:zombie":1,"alexsmobs:bison":1},"minecraft:killed":{"minecraft:pig":1,"enemyexpansion:ladybug":1,"vampirism:advanced_vampire":1,"alexsmobs:raccoon":1,"enemyexpansion:equestrian":2,"minecraft:spider":1,"vampirism:hunter":2,"minecraft:zombie":4,"alexsmobs:leafcutter_ant":2,"vampirism:advanced_hunter":1,"alexsmobs:bison":1,"alexsmobs:fly":2,"minecraft:cow":3},"minecraft:used":{"minecraft:stone_sword":112,"minecraft:stone_pickaxe":140,"minecraft:oak_planks":1,"minecraft:spruce_planks":10,"minecraft:wooden_pickaxe":6,"minecraft:sugar_cane":2,"minecraft:rotten_flesh":1,"simpletomb:grave_key":3,"minecraft:torch":9,"minecraft:dirt":24,"minecraft:crafting_table":5,"byg:palm_log":2,"minecraft:carrot":6,"byg:tall_pink_allium":1,"minecraft:oak_log":3,"minecraft:apple":3,"minecraft:bread":4,"minecraft:suspicious_stew":1,"minecraft:stone_axe":86,"minecraft:cobblestone":41,"minecraft:beef":5,"minecraft:furnace":1,"minecraft:porkchop":2,"byg:dacite_cobblestone":3,"minecraft:cooked_beef":6},"minecraft:mined":{"byg:dacite":2,"botania:green_mystical_flower":1,"minecraft:spruce_planks":19,"minecraft:mossy_cobblestone":1,"alexsmobs:leafcutter_anthill":1,"minecraft:crafting_table":3,"minecraft:lever":1,"minecraft:grass_block":4,"byg:skyris_log":4,"alexsmobs:leafcutter_ant_chamber":3,"minecraft:tall_grass":3,"minecraft:cobblestone":18,"byg:overgrown_dacite":1,"minecraft:spruce_leaves":2,"minecraft:oak_planks":18,"minecraft:sugar_cane":1,"minecraft:wall_torch":2,"botania:blue_double_flower":1,"minecraft:diorite":17,"botania:light_gray_mystical_flower":1,"mysticalagriculture:inferium_ore":2,"minecraft:chiseled_stone_bricks":1,"minecraft:hay_block":4,"byg:soapstone":2,"minecraft:coarse_dirt":1,"minecraft:furnace":1,"byg:palm_log":2,"minecraft:iron_ore":21,"minecraft:spruce_log":2,"vampirism:tent":2,"minecraft:deepslate_iron_ore":1,"minecraft:oak_stairs":13,"minecraft:grass":15,"minecraft:vine":1,"minecraft:pointed_dripstone":2,"minecraft:coal_ore":15,"minecraft:oak_log":8,"vampirism:fire_place":1,"botania:gray_double_flower":1,"minecraft:sunflower":1,"minecraft:gravel":1,"minecraft:dirt":6,"minecraft:packed_ice":4,"minecraft:stone":48,"minecraft:tripwire":3,"minecraft:fern":1},"minecraft:dropped":{"botania:blue_double_flower":1,"alexsmobs:maggot":2,"minecraft:lever":2,"minecraft:cooked_beef":2,"minecraft:bowl":1,"minecraft:cobblestone":31,"minecraft:oak_planks":17,"minecraft:chiseled_stone_bricks":1,"vampirism:ring":1,"botania:light_gray_mystical_flower":2}},"DataVersion":3120}