{"stats":{"minecraft:broken":{"minecraft:stone_pickaxe":1,"minecraft:iron_sword":1},"minecraft:mined":{"byg:rainbow_eucalyptus_planks":2,"minecraft:tuff":1,"byg:cattail":1,"minecraft:cave_vines_plant":1,"minecraft:granite":1,"byg:mahogany_planks":1,"minecraft:grass_block":2,"byg:jacaranda_log":23,"minecraft:jungle_log":3,"minecraft:birch_slab":1,"minecraft:sandstone":1,"byg:white_mangrove_leaves":28,"byg:mahogany_log":4,"minecraft:hay_block":16,"botania:cyan_mushroom":1,"minecraft:furnace":1,"minecraft:iron_ore":8,"minecraft:fire":6,"minecraft:cobbled_deepslate":1,"byg:tall_beach_grass":1,"minecraft:andesite":5,"minecraft:pumpkin":1,"minecraft:pointed_dripstone":1,"minecraft:deepslate_iron_ore":4,"minecraft:vine":2,"byg:rainbow_eucalyptus_leaves":22,"minecraft:stone":24,"minecraft:green_bed":2,"minecraft:smithing_table":1,"byg:rainbow_eucalyptus_log":1,"minecraft:smoker":1,"minecraft:crafting_table":8,"minecraft:torch":2,"minecraft:blast_furnace":1,"byg:amaranth":2,"byg:firecracker_flower_bush":5,"minecraft:cobblestone":6,"minecraft:diorite":6,"byg:soapstone":5,"byg:cyan_amaranth":2,"byg:jacaranda_planks":2,"minecraft:grass":9,"minecraft:coal_ore":56,"minecraft:sand":1,"minecraft:dripstone_block":16,"minecraft:oak_leaves":33,"minecraft:deepslate":22,"minecraft:fern":1},"minecraft:killed_by":{"vampirism:advanced_vampire":1,"minecraft:creeper":1,"enemyexpansion:huntsman":1,"sons_of_sins:betrayed_guzzler":2,"minecraft:skeleton":1,"minecraft:zombie":2,"enemyexpansion:invisicreeper":3},"minecraft:killed":{"vampirism:vampire":1,"minecraft:spider":2,"minecraft:skeleton":1,"minecraft:husk":2,"enemyexpansion:crawler":1,"minecraft:pillager":4,"minecraft:zombie":9},"minecraft:custom":{"minecraft:mob_kills":22,"minecraft:interact_with_crafting_table":14,"minecraft:open_barrel":1,"minecraft:leave_game":3,"minecraft:time_since_death":17290,"minecraft:climb_one_cm":10359,"minecraft:sprint_one_cm":210648,"minecraft:walk_one_cm":204387,"minecraft:damage_blocked_by_shield":200,"minecraft:drop":32,"minecraft:play_time":93519,"minecraft:deaths":13,"minecraft:sneak_time":2076,"minecraft:walk_under_water_one_cm":10295,"minecraft:boat_one_cm":290102,"minecraft:jump":2205,"minecraft:walk_on_water_one_cm":8357,"minecraft:total_world_time":93519,"minecraft:interact_with_furnace":4,"minecraft:sleep_in_bed":1,"minecraft:time_since_rest":17318,"minecraft:waystone_activated":1,"minecraft:damage_taken":5482,"minecraft:trigger_trapped_chest":1,"minecraft:damage_dealt":5631,"minecraft:swim_one_cm":14713,"minecraft:fly_one_cm":417527,"minecraft:open_chest":10,"minecraft:crouch_one_cm":4162,"minecraft:fall_one_cm":69939},"minecraft:picked_up":{"minecraft:iron_chestplate":1,"byg:mahogany_log":10,"minecraft:crafting_table":8,"byg:soapstone":5,"byg:rainbow_eucalyptus_planks":3,"minecraft:smithing_table":1,"byg:amaranth":1,"byg:rainbow_eucalyptus_sapling":2,"byg:jacaranda_boat":3,"minecraft:wooden_sword":1,"minecraft:iron_leggings":1,"mysticalagriculture:inferium_essence":11,"minecraft:cobbled_deepslate":48,"byg:mahogany_planks":1,"minecraft:jungle_sapling":1,"minecraft:iron_pickaxe":1,"minecraft:iron_boots":1,"minecraft:egg":1,"minecraft:raw_iron":22,"minecraft:stick":3,"minecraft:brown_terracotta":2,"minecraft:torch":45,"minecraft:green_bed":3,"mysticalagriculture:prosperity_shard":3,"byg:white_mangrove_sapling":1,"minecraft:pointed_dripstone":2,"minecraft:diorite":6,"minecraft:rotten_flesh":12,"minecraft:hay_block":16,"minecraft:glow_berries":2,"minecraft:cobblestone":26,"byg:jacaranda_sapling":3,"minecraft:jungle_log":3,"minecraft:birch_slab":1,"minecraft:andesite":2,"minecraft:smoker":1,"minecraft:gunpowder":2,"byg:firecracker_flower_bush":4,"byg:cyan_amaranth":2,"byg:rainbow_eucalyptus_log":1,"minecraft:bone":2,"minecraft:iron_ingot":10,"byg:jacaranda_log":27,"minecraft:iron_sword":1,"minecraft:stone_hoe":1,"minecraft:dripstone_block":15,"minecraft:gravel":5,"byg:jacaranda_planks":2,"minecraft:jungle_planks":1,"minecraft:blast_furnace":1,"minecraft:red_terracotta":1,"minecraft:writable_book":1,"minecraft:oak_sapling":10,"minecraft:coal":95},"minecraft:used":{"minecraft:writable_book":3,"minecraft:stone_sword":55,"byg:jacaranda_log":12,"minecraft:shield":6,"minecraft:iron_sword":81,"byg:jacaranda_boat":2,"minecraft:stone_hoe":20,"simpletomb:grave_key":12,"minecraft:torch":21,"byg:rainbow_eucalyptus_planks":5,"minecraft:furnace":1,"minecraft:egg":1,"minecraft:cobbled_deepslate":16,"minecraft:diorite":5,"minecraft:stone_pickaxe":153,"minecraft:wooden_pickaxe":6,"minecraft:glow_berries":1,"minecraft:crafting_table":8,"minecraft:dripstone_block":15,"byg:mahogany_planks":28,"minecraft:bread":33,"minecraft:iron_pickaxe":1,"minecraft:stone_axe":46,"minecraft:wooden_sword":7,"minecraft:cobblestone":13,"byg:mahogany_boat":1,"byg:cyan_amaranth":2,"minecraft:andesite":2,"byg:jacaranda_planks":2},"minecraft:crafted":{"byg:jacaranda_planks":20,"minecraft:wooden_sword":1,"minecraft:furnace":1,"minecraft:iron_boots":1,"minecraft:stone_pickaxe":2,"byg:mahogany_planks":40,"minecraft:stone_hoe":1,"minecraft:wheat":142,"byg:rainbow_eucalyptus_planks":4,"minecraft:crafting_table":2,"minecraft:wooden_pickaxe":2,"minecraft:stone_axe":1,"minecraft:bread":64,"minecraft:air":0,"minecraft:jungle_planks":12,"minecraft:iron_chestplate":1,"minecraft:shield":1,"minecraft:stick":24,"minecraft:iron_ingot":11,"minecraft:stone_sword":1,"minecraft:iron_leggings":1,"minecraft:torch":52,"byg:mahogany_boat":1},"minecraft:dropped":{"minecraft:iron_ingot":2,"minecraft:bread":4,"byg:jacaranda_sapling":1,"minecraft:cobblestone":3,"minecraft:jungle_planks":1,"minecraft:birch_slab":1,"byg:rainbow_eucalyptus_planks":1,"byg:firecracker_flower_bush":4,"byg:soapstone":2,"minecraft:iron_leggings":1,"minecraft:brown_terracotta":2,"minecraft:wooden_sword":1,"minecraft:writable_book":1,"minecraft:gravel":2,"minecraft:cobbled_deepslate":18,"minecraft:green_bed":1,"minecraft:rotten_flesh":5,"minecraft:iron_boots":1,"minecraft:red_terracotta":1,"minecraft:gunpowder":2,"minecraft:iron_chestplate":1,"mysticalagriculture:inferium_essence":11,"minecraft:oak_sapling":5,"byg:amaranth":1,"minecraft:stone_pickaxe":1,"minecraft:wooden_pickaxe":1}},"DataVersion":3120}