{"stats":{"minecraft:broken":{"minecraft:stone_pickaxe":1},"minecraft:mined":{"minecraft:smithing_table":1,"mysticalagriculture:prosperity_ore":7,"minecraft:crafting_table":7,"minecraft:granite":1,"minecraft:grass_block":2,"byg:firecracker_flower_bush":1,"minecraft:sugar_cane":4,"minecraft:diorite":4,"mysticalagriculture:inferium_ore":8,"minecraft:wall_torch":3,"minecraft:hay_block":15,"minecraft:gray_wool":2,"minecraft:furnace":1,"minecraft:iron_ore":20,"byg:tall_beach_grass":1,"byg:leaf_pile":1,"minecraft:light_gray_wool":1,"byg:purple_amaranth":1,"minecraft:grass":4,"minecraft:oak_log":16,"minecraft:coal_ore":36,"minecraft:sand":16,"minecraft:dirt":1,"minecraft:stripped_oak_log":1,"minecraft:stone":33,"minecraft:oak_leaves":2},"minecraft:killed_by":{"minecraft:husk":1,"enemyexpansion:invisicreeper":2},"minecraft:killed":{"vampirism:vampire":2,"minecraft:husk":4,"minecraft:spider":4,"minecraft:pillager":5,"minecraft:zombie":1,"alexsmobs:cockroach":1},"minecraft:custom":{"minecraft:interact_with_furnace":15,"minecraft:mob_kills":20,"minecraft:interact_with_crafting_table":16,"minecraft:leave_game":3,"minecraft:time_since_death":7380,"minecraft:time_since_rest":7414,"minecraft:sprint_one_cm":143293,"minecraft:damage_taken":2108,"minecraft:walk_one_cm":159290,"minecraft:damage_blocked_by_shield":280,"minecraft:drop":24,"minecraft:damage_dealt":3828,"minecraft:swim_one_cm":16024,"minecraft:fly_one_cm":143781,"minecraft:open_chest":4,"minecraft:crouch_one_cm":1676,"minecraft:play_time":61336,"minecraft:deaths":3,"minecraft:sneak_time":818,"minecraft:walk_under_water_one_cm":6634,"minecraft:boat_one_cm":276091,"minecraft:jump":1035,"minecraft:walk_on_water_one_cm":9257,"minecraft:total_world_time":61336,"minecraft:fall_one_cm":26368},"minecraft:picked_up":{"minecraft:wooden_axe":1,"minecraft:stripped_oak_log":1,"minecraft:crafting_table":8,"minecraft:ladder":1,"byg:purple_amaranth":2,"minecraft:leather":1,"minecraft:smithing_table":1,"byg:amaranth":1,"minecraft:oak_log":15,"minecraft:gunpowder":3,"byg:white_sand":16,"byg:firecracker_flower_bush":1,"minecraft:string":7,"minecraft:dirt":3,"byg:jacaranda_boat":3,"byg:cyan_amaranth":1,"byg:pine_log":1,"mysticalagriculture:inferium_essence":29,"minecraft:red_sand":2,"alexsmobs:cockroach_wing_fragment":1,"minecraft:iron_ingot":1,"minecraft:stone_pickaxe":1,"minecraft:oak_boat":1,"minecraft:light_gray_wool":1,"minecraft:iron_pickaxe":2,"minecraft:sugar_cane":15,"minecraft:oak_planks":5,"byg:golden_spined_cactus":1,"minecraft:furnace":1,"minecraft:stick":2,"minecraft:raw_iron":19,"minecraft:brown_terracotta":2,"minecraft:torch":4,"mysticalagriculture:prosperity_shard":16,"minecraft:sand":16,"byg:smooth_windswept_sandstone":5,"vampirism:vampire_fang":1,"minecraft:diorite":8,"minecraft:red_terracotta":1,"minecraft:spider_eye":1,"sons_of_sins:flesh_of_demise":1,"minecraft:rotten_flesh":13,"botania:light_gray_mystical_flower":1,"minecraft:hay_block":16,"minecraft:crossbow":1,"minecraft:granite":1,"minecraft:gray_wool":2,"minecraft:bread":5,"minecraft:white_terracotta":2,"minecraft:coal":36,"minecraft:cobblestone":45},"minecraft:used":{"minecraft:diorite":3,"byg:white_sand":15,"byg:firecracker_flower_bush":1,"minecraft:stone_pickaxe":73,"minecraft:ladder":1,"minecraft:shield":7,"minecraft:wooden_pickaxe":6,"byg:jacaranda_boat":2,"simpletomb:grave_key":10,"minecraft:torch":37,"minecraft:crafting_table":8,"minecraft:wooden_axe":31,"minecraft:suspicious_stew":1,"minecraft:iron_axe":32,"minecraft:bread":15,"minecraft:iron_pickaxe":33,"minecraft:red_terracotta":1,"minecraft:stone_axe":13,"sons_of_sins:flesh_of_demise":1,"minecraft:furnace":1,"minecraft:oak_boat":1,"minecraft:stripped_oak_log":1},"minecraft:crafted":{"minecraft:oak_planks":60,"minecraft:crafting_table":1,"travelersbackpack:backpack_tank":2,"minecraft:wooden_pickaxe":1,"minecraft:furnace":1,"byg:pine_planks":4,"minecraft:stone_axe":1,"minecraft:bread":48,"minecraft:air":0,"minecraft:glass":6,"minecraft:oak_boat":1,"minecraft:shield":1,"minecraft:iron_axe":1,"minecraft:stick":32,"minecraft:iron_pickaxe":2,"minecraft:iron_ingot":17,"minecraft:stone_pickaxe":1,"minecraft:wooden_axe":1,"minecraft:torch":64,"minecraft:wheat":144},"minecraft:dropped":{"byg:biomepedia":1,"byg:cyan_amaranth":1,"minecraft:bread":1,"minecraft:bowl":1,"byg:white_sand":1,"minecraft:rotten_flesh":4,"byg:golden_spined_cactus":1,"minecraft:granite":1,"minecraft:white_terracotta":2,"minecraft:dirt":3,"minecraft:diorite":5,"minecraft:oak_boat":1,"byg:amaranth":1,"minecraft:brown_terracotta":2,"minecraft:red_sand":2,"minecraft:iron_pickaxe":3,"minecraft:string":7,"byg:purple_amaranth":2,"botania:light_gray_mystical_flower":1}},"DataVersion":3120}