{"stats":{"minecraft:broken":{"minecraft:iron_shovel":4,"minecraft:stone_pickaxe":2,"minecraft:golden_sword":2,"minecraft:shield":2,"minecraft:iron_axe":3,"minecraft:leather_boots":1,"minecraft:iron_pickaxe":3},"minecraft:mined":{"minecraft:sculk_vein":5,"minecraft:obsidian":19,"minecraft:granite":46,"botania:black_mushroom":1,"minecraft:grass_block":351,"mysticalagriculture:inferium_ore":8,"minecraft:tall_seagrass":1,"minecraft:fire":3,"minecraft:iron_ore":177,"minecraft:cobbled_deepslate":3,"byg:tall_beach_grass":1,"vampirism:tent":1,"minecraft:sculk_shrieker":4,"minecraft:water_cauldron":1,"minecraft:green_bed":3,"minecraft:red_bed":1,"byg:golden_spined_cactus":1,"minecraft:clay":19,"minecraft:torch":1,"minecraft:chest":3,"minecraft:dead_bush":5,"byg:firecracker_flower_bush":7,"minecraft:cobblestone":47,"minecraft:sugar_cane":4,"minecraft:oak_planks":11,"byg:mossy_stone":2,"minecraft:wall_torch":5,"minecraft:seagrass":3,"byg:soapstone":15,"minecraft:birch_log":9,"vampirism:med_chair":1,"minecraft:light_gray_wool":1,"byg:purple_amaranth":1,"minecraft:grass":101,"minecraft:oak_log":100,"minecraft:sand":159,"minecraft:dirt":212,"tconstruct:crafting_station":2,"tconstruct:seared_heater":1,"minecraft:oak_leaves":52,"minecraft:deepslate":93,"mysticalagriculture:prosperity_ore":7,"minecraft:diamond_ore":2,"minecraft:tuff":17,"minecraft:deepslate_diamond_ore":5,"vampirism:altar_inspiration":1,"minecraft:mangrove_roots":1,"minecraft:spruce_fence":1,"minecraft:spruce_leaves":117,"minecraft:hay_block":20,"minecraft:furnace":3,"minecraft:carrots":93,"minecraft:snow":20,"minecraft:andesite":30,"minecraft:deepslate_iron_ore":58,"minecraft:stripped_oak_log":1,"byg:rocky_stone":546,"minecraft:stone":958,"minecraft:podzol":9,"minecraft:smithing_table":1,"minecraft:oak_slab":3,"vampirism:tent_main":1,"travelersbackpack:standard":1,"minecraft:crafting_table":11,"minecraft:sculk_sensor":10,"minecraft:lectern":1,"minecraft:copper_ore":1,"byg:mini_cactus":1,"minecraft:deepslate_gold_ore":5,"minecraft:sculk":55,"minecraft:diorite":28,"minecraft:gray_wool":2,"byg:prickly_pear_cactus":1,"minecraft:coarse_dirt":22,"byg:jacaranda_sapling":1,"byg:red_rock":60,"minecraft:spruce_log":30,"byg:leaf_pile":1,"minecraft:mangrove_leaves":1,"byg:windswept_sand":1,"minecraft:coal_ore":123,"vampirism:fire_place":1,"minecraft:gravel":310,"byg:peat":178,"minecraft:fern":10},"minecraft:killed_by":{"vampirism:hunter_trainer":2,"enemyexpansion:meature":1,"enemyexpansion:scorpion":1,"vampirism:hunter":4,"enemyexpansion:invisicreeper":2,"minecraft:husk":1,"vampirism:advanced_hunter":4,"minecraft:iron_golem":2,"enemyexpansion:equestrian":1,"minecraft:warden":2},"minecraft:killed":{"vampirism:vampire":4,"minecraft:zombified_piglin":17,"vampirism:advanced_vampire":2,"enemyexpansion:equestrian":2,"minecraft:spider":12,"minecraft:skeleton":13,"vampirism:advanced_hunter":5,"alexsmobs:skelewag":1,"minecraft:pig":2,"alexsmobs:mantis_shrimp":1,"vampirism:hunter":9,"minecraft:sheep":4,"minecraft:trader_llama":1,"minecraft:pillager":14,"enemyexpansion:meature":6,"minecraft:zombie":6,"enemyexpansion:botfly":3,"enemyexpansion:wasp":1,"minecraft:slime":1,"enemyexpansion:direwolf":10,"minecraft:phantom":4,"minecraft:horse":1,"enemyexpansion:goblin":2,"enemyexpansion:scorpion":2,"minecraft:husk":6,"enemyexpansion:sprinter":9,"alexsmobs:catfish":2,"alexsmobs:cockroach":1,"enemyexpansion:huntsman":4,"enemyexpansion:slugger":2},"minecraft:custom":{"minecraft:animals_bred":32,"minecraft:interact_with_crafting_table":42,"minecraft:leave_game":20,"minecraft:time_since_death":16243,"minecraft:damage_resisted":110,"minecraft:sprint_one_cm":1397804,"minecraft:damage_blocked_by_shield":4409,"minecraft:drop":98,"minecraft:play_time":702334,"minecraft:deaths":30,"minecraft:jump":9265,"minecraft:walk_on_water_one_cm":36202,"minecraft:interact_with_furnace":107,"minecraft:sleep_in_bed":20,"minecraft:waystone_activated":3,"minecraft:damage_dealt":29778,"minecraft:crouch_one_cm":129124,"minecraft:mob_kills":167,"minecraft:interact_with_anvil":4,"minecraft:damage_dealt_resisted":1191,"minecraft:climb_one_cm":5753,"minecraft:walk_one_cm":1625518,"minecraft:sneak_time":42873,"minecraft:walk_under_water_one_cm":86073,"minecraft:boat_one_cm":276091,"minecraft:total_world_time":702334,"minecraft:interact_with_stonecutter":16,"minecraft:time_since_rest":12336,"minecraft:damage_taken":613955,"minecraft:swim_one_cm":84571,"minecraft:fly_one_cm":1724019,"minecraft:open_chest":220,"minecraft:fall_one_cm":234536},"minecraft:picked_up":{"minecraft:wooden_axe":1,"minecraft:smithing_table":1,"minecraft:lead":1,"byg:amaranth":1,"vampirism:pure_salt_water":1,"minecraft:golden_sword":3,"byg:crocus":2,"minecraft:string":15,"minecraft:raw_copper":5,"byg:jacaranda_boat":3,"byg:red_rock":73,"minecraft:iron_leggings":1,"minecraft:experience_bottle":1,"vampirism:obi_belt":2,"byg:pine_log":1,"mysticalagriculture:inferium_essence":106,"alexsmobs:emu_feather":2,"minecraft:red_sand":2,"minecraft:gold_nugget":29,"minecraft:cobbled_deepslate":101,"byg:jacaranda_slab":6,"minecraft:iron_pickaxe":3,"minecraft:furnace":3,"minecraft:stick":19,"minecraft:brown_terracotta":2,"mysticalagriculture:prosperity_shard":16,"minecraft:torch":8,"minecraft:green_bed":3,"botania:black_mushroom":1,"minecraft:porkchop":10,"vampirism:holy_water_bottle_enhanced":4,"vampirism:vampire_fang":1,"minecraft:diorite":32,"vampirism:amulet":1,"enemyexpansion:meathead_helmet":1,"minecraft:cauldron":2,"vampirism:blood_bottle":6,"minecraft:rotten_flesh":37,"botania:light_gray_mystical_flower":1,"minecraft:iron_block":1,"alexsmobs:emu_egg":2,"minecraft:mangrove_roots":1,"minecraft:white_terracotta":2,"minecraft:obsidian":19,"minecraft:snowball":31,"minecraft:cobblestone":1023,"minecraft:birch_log":13,"vampirism:vampire_book":6,"vampirism:med_chair":2,"byg:purple_amaranth":2,"minecraft:andesite":29,"minecraft:flint":31,"minecraft:tuff":17,"alexsmobs:mosquito_larva":1,"minecraft:dirt":572,"minecraft:lantern":1,"minecraft:bone":26,"travelersbackpack:backpack_tank":2,"minecraft:bow":1,"minecraft:wheat_seeds":26,"minecraft:raw_gold":5,"vampirism:item_garlic":1,"tconstruct:mattock":1,"minecraft:oak_planks":25,"alexsmobs:shark_tooth":1,"vampirism:ring":2,"minecraft:sand":159,"minecraft:red_terracotta":1,"minecraft:mossy_cobblestone":2,"sons_of_sins:flesh_of_demise":1,"minecraft:diamond":7,"minecraft:crossbow":3,"minecraft:granite":46,"minecraft:bread":5,"minecraft:oak_sapling":11,"byg:pine_planks":4,"tconstruct:crafting_station":2,"minecraft:coarse_dirt":18,"minecraft:crafting_table":13,"byg:soapstone":17,"minecraft:ladder":1,"minecraft:clay_ball":76,"minecraft:brown_mushroom":2,"minecraft:diamond_horse_armor":1,"byg:peat":155,"minecraft:shield":1,"byg:white_sand":16,"minecraft:iron_axe":1,"minecraft:iron_shovel":1,"minecraft:music_disc_otherside":1,"minecraft:echo_shard":2,"minecraft:oak_boat":1,"minecraft:light_gray_wool":2,"byg:shrub":6,"minecraft:lectern":1,"minecraft:sugar_cane":45,"minecraft:chest":4,"byg:mini_cactus":1,"byg:golden_spined_cactus":2,"minecraft:phantom_membrane":3,"minecraft:raw_iron":237,"minecraft:oak_door":1,"minecraft:spruce_fence":1,"minecraft:carrot":383,"minecraft:arrow":15,"vampirism:altar_inspiration":1,"minecraft:hay_block":21,"minecraft:mutton":6,"byg:rocky_stone":529,"minecraft:white_wool":2,"minecraft:stripped_oak_log":1,"byg:jacaranda_sapling":1,"vampirism:vampire_blood_bottle":3,"vampirism:item_tent":2,"minecraft:leather":7,"minecraft:birch_planks":1,"minecraft:oak_log":99,"byg:white_anemone":2,"minecraft:gunpowder":22,"byg:firecracker_flower_bush":13,"minecraft:paper":25,"minecraft:white_banner":2,"byg:cyan_amaranth":1,"vampirism:human_heart":8,"minecraft:apple":2,"alexsmobs:cockroach_wing_fragment":2,"minecraft:stone_pickaxe":1,"minecraft:iron_ingot":9,"minecraft:cobweb":1,"minecraft:glass_bottle":1,"minecraft:book":6,"minecraft:oak_slab":3,"alexsmobs:fish_bones":1,"minecraft:sculk":4,"vampirism:fire_place":1,"minecraft:gravel":266,"byg:smooth_windswept_sandstone":5,"minecraft:spruce_sapling":2,"minecraft:spruce_log":28,"minecraft:spider_eye":9,"travelersbackpack:standard":2,"minecraft:sculk_sensor":1,"minecraft:stone_axe":1,"minecraft:gray_wool":6,"minecraft:coal":173},"minecraft:used":{"minecraft:iron_shovel":1179,"minecraft:ladder":1,"minecraft:diamond_hoe":204,"vampirism:altar_infusion":1,"minecraft:chest":9,"minecraft:shield":95,"byg:pine_planks":4,"byg:jacaranda_boat":2,"minecraft:carrot":170,"minecraft:lava_bucket":7,"minecraft:lantern":1,"minecraft:golden_sword":6,"minecraft:mangrove_roots":1,"minecraft:oak_sapling":3,"minecraft:furnace":5,"minecraft:diorite":8,"vampirism:coffin_gray":1,"byg:white_sand":15,"minecraft:oak_planks":220,"minecraft:stone_pickaxe":307,"minecraft:wooden_pickaxe":6,"vampirism:human_heart":3,"minecraft:crossbow":11,"minecraft:bread":19,"vampirism:altar_pillar":9,"minecraft:red_terracotta":1,"sons_of_sins:flesh_of_demise":1,"tconstruct:mattock":5,"tconstruct:crafting_station":3,"minecraft:oak_boat":1,"minecraft:coarse_dirt":3,"minecraft:bone_meal":12,"byg:firecracker_flower_bush":1,"simpletomb:grave_key":40,"minecraft:oak_door":2,"minecraft:torch":105,"minecraft:dirt":89,"minecraft:anvil":1,"tconstruct:seared_bricks":16,"minecraft:granite":10,"minecraft:spruce_fence":31,"minecraft:wooden_axe":31,"minecraft:iron_axe":632,"minecraft:cobbled_deepslate":77,"byg:golden_spined_cactus":1,"vampirism:fire_place":1,"minecraft:water_bucket":7,"vampirism:altar_inspiration":2,"minecraft:stonecutter":1,"minecraft:green_bed":4,"minecraft:spruce_fence_gate":2,"minecraft:oak_slab":70,"minecraft:crafting_table":12,"minecraft:diamond_pickaxe":1202,"minecraft:wooden_hoe":62,"minecraft:iron_pickaxe":811,"minecraft:suspicious_stew":1,"byg:soapstone":6,"vampirism:altar_tip":3,"minecraft:stone_axe":13,"minecraft:cobblestone":167,"travelersbackpack:standard":2,"minecraft:bucket":18,"minecraft:stripped_oak_log":1,"byg:red_rock":73},"minecraft:crafted":{"minecraft:oak_planks":396,"tconstruct:broad_blade":1,"minecraft:stone":49,"byg:pine_planks":4,"minecraft:glass":24,"tconstruct:seared_brick":65,"minecraft:chest":5,"tconstruct:small_axe_head":1,"tconstruct:tough_handle":1,"minecraft:crafting_table":3,"minecraft:spruce_planks":112,"minecraft:wooden_pickaxe":1,"tconstruct:tool_handle":1,"minecraft:birch_planks":16,"minecraft:wooden_hoe":1,"minecraft:diamond_pickaxe":1,"minecraft:shield":2,"minecraft:stick":68,"minecraft:iron_ingot":204,"minecraft:iron_pickaxe":3,"minecraft:gold_ingot":5,"tconstruct:round_plate":1,"minecraft:furnace":1,"minecraft:bone_meal":12,"minecraft:spruce_fence":30,"minecraft:iron_axe":1,"minecraft:stone_pickaxe":3,"minecraft:wheat":144,"travelersbackpack:backpack_tank":2,"minecraft:stone_axe":1,"minecraft:bread":48,"minecraft:air":0,"minecraft:oak_boat":1,"minecraft:wooden_axe":1,"minecraft:iron_shovel":3,"minecraft:stonecutter":1,"vampirism:blood_container":1,"minecraft:torch":140,"tconstruct:mattock":1},"minecraft:dropped":{"byg:biomepedia":1,"byg:cyan_amaranth":1,"minecraft:glass_bottle":4,"byg:white_sand":1,"byg:white_anemone":1,"minecraft:crossbow":1,"byg:golden_spined_cactus":1,"vampirism:item_tent":2,"travelersbackpack:standard":1,"minecraft:dirt":151,"tconstruct:materials_and_you":1,"minecraft:mutton":2,"byg:jacaranda_slab":4,"minecraft:snowball":5,"alexsmobs:emu_feather":1,"minecraft:sand":18,"minecraft:iron_pickaxe":4,"minecraft:white_wool":1,"minecraft:oak_door":1,"minecraft:stone_axe":2,"minecraft:sugar_cane":15,"minecraft:cobbled_deepslate":2,"alexsmobs:animal_dictionary":1,"vampirism:holy_water_bottle_enhanced":1,"minecraft:rotten_flesh":19,"minecraft:oak_planks":4,"vampirism:blood_bottle":1,"byg:pine_planks":4,"minecraft:carrot":8,"vampirism:vampire_fang":1,"botania:light_gray_mystical_flower":1,"minecraft:bread":34,"minecraft:wheat_seeds":1,"byg:jacaranda_sapling":1,"vampirism:coffin_gray":1,"vampirism:vampire_book":1,"minecraft:diamond_leggings":1,"minecraft:cobblestone":64,"minecraft:granite":1,"minecraft:diorite":5,"minecraft:torch":32,"minecraft:wooden_hoe":1,"byg:firecracker_flower_bush":9,"byg:soapstone":3,"minecraft:wooden_axe":1,"minecraft:iron_leggings":2,"minecraft:brown_terracotta":2,"minecraft:iron_axe":1,"byg:smooth_windswept_sandstone":5,"minecraft:string":8,"byg:purple_amaranth":2,"minecraft:bucket":1,"minecraft:bowl":1,"byg:shrub":6,"minecraft:white_terracotta":2,"minecraft:hay_block":5,"alexsmobs:cockroach_wing_fragment":2,"tconstruct:mattock":1,"minecraft:spruce_planks":30,"byg:mini_cactus":1,"minecraft:oak_boat":1,"byg:amaranth":1,"minecraft:spider_eye":1,"minecraft:red_sand":2,"minecraft:stone_pickaxe":1,"minecraft:wooden_pickaxe":1}},"DataVersion":3120}