{"stats":{"minecraft:dropped":{"minecraft:porkchop":5},"minecraft:killed":{"alexsmobs:tusklin":1},"minecraft:picked_up":{"mysticalagriculture:inferium_essence":1,"minecraft:porkchop":5,"minecraft:dirt":2},"minecraft:custom":{"minecraft:time_since_rest":6384,"minecraft:crouch_one_cm":222,"minecraft:walk_one_cm":28994,"minecraft:play_time":11920,"minecraft:sprint_one_cm":48929,"minecraft:damage_taken":1520,"minecraft:deaths":4,"minecraft:sneak_time":129,"minecraft:walk_under_water_one_cm":4246,"minecraft:mob_kills":1,"minecraft:drop":5,"minecraft:jump":324,"minecraft:damage_dealt":347,"minecraft:leave_game":1,"minecraft:time_since_death":6357,"minecraft:walk_on_water_one_cm":4948,"minecraft:total_world_time":11920,"minecraft:swim_one_cm":1279,"minecraft:fall_one_cm":13354,"minecraft:fly_one_cm":76315},"minecraft:used":{"minecraft:dirt":2},"minecraft:killed_by":{"alexsmobs:tusklin":3},"minecraft:mined":{"minecraft:grass":5,"minecraft:grass_block":1,"byg:clover_patch":1,"minecraft:dirt":1,"byg:blueberry_bush":1,"minecraft:fern":2}},"DataVersion":3120}