{"stats":{"minecraft:mined":{"minecraft:hay_block":15,"byg:tall_beach_grass":1,"byg:purple_amaranth":1,"minecraft:crafting_table":3,"minecraft:grass":3,"minecraft:oak_log":16,"minecraft:stripped_oak_log":1,"minecraft:stone":6,"minecraft:sugar_cane":3,"minecraft:oak_leaves":2},"minecraft:custom":{"minecraft:time_since_rest":17997,"minecraft:sprint_one_cm":40688,"minecraft:damage_taken":225,"minecraft:walk_one_cm":44275,"minecraft:mob_kills":4,"minecraft:damage_dealt":739,"minecraft:swim_one_cm":5015,"minecraft:interact_with_crafting_table":5,"minecraft:fly_one_cm":46056,"minecraft:crouch_one_cm":745,"minecraft:play_time":17997,"minecraft:sneak_time":285,"minecraft:walk_under_water_one_cm":2711,"minecraft:boat_one_cm":178120,"minecraft:jump":255,"minecraft:leave_game":2,"minecraft:time_since_death":17997,"minecraft:walk_on_water_one_cm":2540,"minecraft:total_world_time":17997,"minecraft:fall_one_cm":8718},"minecraft:picked_up":{"minecraft:wooden_axe":1,"minecraft:stripped_oak_log":1,"minecraft:crafting_table":3,"minecraft:ladder":1,"byg:purple_amaranth":1,"minecraft:oak_log":15,"minecraft:diorite":2,"minecraft:gunpowder":3,"byg:white_sand":16,"minecraft:spider_eye":1,"minecraft:string":7,"minecraft:rotten_flesh":2,"byg:pine_log":1,"botania:light_gray_mystical_flower":1,"mysticalagriculture:inferium_essence":1,"minecraft:hay_block":16,"minecraft:stone_pickaxe":1,"minecraft:oak_boat":1,"minecraft:bread":4,"minecraft:sugar_cane":12,"minecraft:cobblestone":6},"minecraft:killed":{"minecraft:spider":4},"minecraft:crafted":{"minecraft:oak_boat":1,"minecraft:oak_planks":60,"minecraft:crafting_table":1,"minecraft:stick":8,"minecraft:wooden_pickaxe":1,"minecraft:wooden_axe":1,"byg:pine_planks":4,"minecraft:bread":48,"minecraft:wheat":144},"minecraft:used":{"minecraft:wooden_axe":31,"minecraft:bread":3,"minecraft:ladder":1,"minecraft:wooden_pickaxe":6,"minecraft:crafting_table":4,"minecraft:oak_boat":1,"minecraft:stripped_oak_log":1}},"DataVersion":3120}