{"stats":{"minecraft:broken":{"minecraft:iron_shovel":3,"minecraft:stone_pickaxe":2,"minecraft:iron_axe":2,"minecraft:leather_boots":1,"minecraft:iron_pickaxe":1},"minecraft:used":{"minecraft:iron_shovel":851,"byg:firecracker_flower_bush":1,"minecraft:ladder":1,"minecraft:chest":5,"minecraft:shield":58,"byg:pine_planks":4,"byg:jacaranda_boat":2,"simpletomb:grave_key":27,"minecraft:torch":99,"minecraft:dirt":69,"minecraft:carrot":31,"tconstruct:seared_bricks":16,"minecraft:granite":10,"minecraft:spruce_fence":31,"minecraft:wooden_axe":31,"minecraft:lava_bucket":1,"minecraft:lantern":1,"minecraft:iron_axe":384,"minecraft:mangrove_roots":1,"minecraft:furnace":4,"byg:golden_spined_cactus":1,"minecraft:water_bucket":1,"minecraft:diorite":8,"vampirism:coffin_gray":1,"byg:white_sand":15,"minecraft:oak_planks":136,"minecraft:stone_pickaxe":307,"minecraft:wooden_pickaxe":6,"vampirism:human_heart":3,"minecraft:spruce_fence_gate":2,"minecraft:green_bed":3,"minecraft:crafting_table":11,"minecraft:wooden_hoe":62,"minecraft:iron_pickaxe":244,"minecraft:bread":19,"minecraft:suspicious_stew":1,"minecraft:red_terracotta":1,"minecraft:stone_axe":13,"sons_of_sins:flesh_of_demise":1,"travelersbackpack:standard":1,"tconstruct:crafting_station":3,"minecraft:bucket":7,"minecraft:oak_boat":1,"minecraft:stripped_oak_log":1,"minecraft:coarse_dirt":3,"minecraft:bone_meal":12,"byg:red_rock":73},"minecraft:picked_up":{"minecraft:wooden_axe":1,"minecraft:crafting_table":12,"tconstruct:crafting_station":2,"minecraft:coarse_dirt":3,"byg:soapstone":3,"minecraft:ladder":1,"minecraft:clay_ball":76,"minecraft:smithing_table":1,"minecraft:lead":1,"byg:amaranth":1,"byg:peat":10,"minecraft:shield":1,"byg:white_sand":16,"minecraft:string":15,"byg:jacaranda_boat":3,"minecraft:iron_axe":1,"byg:red_rock":73,"minecraft:iron_shovel":1,"vampirism:obi_belt":2,"byg:pine_log":1,"alexsmobs:emu_feather":2,"minecraft:red_sand":2,"mysticalagriculture:inferium_essence":96,"minecraft:oak_boat":1,"minecraft:iron_pickaxe":2,"minecraft:light_gray_wool":2,"byg:shrub":6,"minecraft:sugar_cane":45,"minecraft:chest":3,"byg:mini_cactus":1,"byg:golden_spined_cactus":2,"minecraft:furnace":3,"minecraft:raw_iron":70,"minecraft:stick":15,"minecraft:brown_terracotta":2,"minecraft:torch":5,"mysticalagriculture:prosperity_shard":16,"minecraft:green_bed":2,"minecraft:spruce_fence":1,"vampirism:holy_water_bottle_enhanced":4,"vampirism:vampire_fang":1,"minecraft:diorite":13,"minecraft:carrot":25,"vampirism:amulet":1,"minecraft:cauldron":2,"vampirism:blood_bottle":2,"minecraft:arrow":7,"minecraft:rotten_flesh":24,"botania:light_gray_mystical_flower":1,"minecraft:hay_block":21,"alexsmobs:emu_egg":2,"minecraft:mangrove_roots":1,"minecraft:white_terracotta":2,"minecraft:mutton":6,"byg:rocky_stone":2,"minecraft:snowball":12,"minecraft:white_wool":2,"minecraft:cobblestone":290,"minecraft:stripped_oak_log":1,"minecraft:birch_log":8,"vampirism:vampire_book":4,"vampirism:vampire_blood_bottle":3,"vampirism:med_chair":2,"byg:purple_amaranth":2,"minecraft:leather":7,"minecraft:birch_planks":1,"minecraft:flint":29,"minecraft:oak_log":45,"minecraft:white_banner":1,"byg:white_anemone":2,"minecraft:gunpowder":22,"alexsmobs:mosquito_larva":1,"byg:firecracker_flower_bush":11,"minecraft:dirt":414,"minecraft:paper":25,"minecraft:lantern":1,"byg:cyan_amaranth":1,"travelersbackpack:backpack_tank":2,"minecraft:bone":20,"vampirism:human_heart":3,"minecraft:wheat_seeds":20,"alexsmobs:cockroach_wing_fragment":2,"minecraft:iron_ingot":9,"minecraft:stone_pickaxe":1,"minecraft:cobweb":1,"tconstruct:mattock":1,"minecraft:oak_planks":23,"minecraft:book":6,"alexsmobs:fish_bones":1,"alexsmobs:shark_tooth":1,"vampirism:ring":1,"minecraft:gravel":225,"minecraft:sand":159,"byg:smooth_windswept_sandstone":5,"minecraft:spruce_sapling":1,"minecraft:spruce_log":28,"minecraft:spider_eye":9,"minecraft:red_terracotta":1,"sons_of_sins:flesh_of_demise":1,"travelersbackpack:standard":2,"minecraft:stone_axe":1,"minecraft:crossbow":2,"minecraft:granite":15,"minecraft:gray_wool":6,"minecraft:bread":5,"minecraft:oak_sapling":3,"byg:pine_planks":4,"minecraft:coal":139},"minecraft:custom":{"minecraft:mob_kills":93,"minecraft:animals_bred":4,"minecraft:interact_with_crafting_table":41,"minecraft:damage_dealt_resisted":741,"minecraft:leave_game":5,"minecraft:time_since_death":25156,"minecraft:climb_one_cm":5105,"minecraft:sprint_one_cm":907258,"minecraft:walk_one_cm":817408,"minecraft:damage_blocked_by_shield":2292,"minecraft:drop":72,"minecraft:play_time":340560,"minecraft:deaths":21,"minecraft:sneak_time":6677,"minecraft:walk_under_water_one_cm":81865,"minecraft:boat_one_cm":276091,"minecraft:jump":5536,"minecraft:walk_on_water_one_cm":29873,"minecraft:total_world_time":340560,"minecraft:interact_with_furnace":48,"minecraft:sleep_in_bed":6,"minecraft:time_since_rest":25190,"minecraft:waystone_activated":2,"minecraft:damage_taken":508947,"minecraft:damage_dealt":18119,"minecraft:swim_one_cm":79811,"minecraft:fly_one_cm":800538,"minecraft:open_chest":72,"minecraft:crouch_one_cm":13297,"minecraft:fall_one_cm":143612},"minecraft:dropped":{"byg:biomepedia":1,"byg:cyan_amaranth":1,"minecraft:bread":34,"minecraft:wheat_seeds":1,"byg:white_sand":1,"byg:white_anemone":1,"minecraft:crossbow":1,"byg:golden_spined_cactus":1,"minecraft:granite":1,"minecraft:dirt":131,"minecraft:diorite":5,"tconstruct:materials_and_you":1,"minecraft:wooden_hoe":1,"minecraft:torch":31,"byg:firecracker_flower_bush":9,"minecraft:mutton":2,"minecraft:wooden_axe":1,"minecraft:brown_terracotta":2,"alexsmobs:emu_feather":1,"minecraft:sand":18,"minecraft:iron_axe":1,"minecraft:iron_pickaxe":3,"byg:smooth_windswept_sandstone":5,"minecraft:string":8,"byg:purple_amaranth":2,"minecraft:white_wool":1,"minecraft:stone_axe":2,"minecraft:sugar_cane":15,"alexsmobs:animal_dictionary":1,"minecraft:bowl":1,"byg:shrub":6,"vampirism:holy_water_bottle_enhanced":1,"minecraft:rotten_flesh":19,"minecraft:oak_planks":4,"byg:pine_planks":4,"minecraft:white_terracotta":2,"minecraft:carrot":8,"minecraft:hay_block":5,"tconstruct:mattock":1,"minecraft:spruce_planks":30,"alexsmobs:cockroach_wing_fragment":2,"byg:mini_cactus":1,"minecraft:oak_boat":1,"byg:amaranth":1,"minecraft:spider_eye":1,"minecraft:red_sand":2,"minecraft:stone_pickaxe":1,"minecraft:wooden_pickaxe":1,"botania:light_gray_mystical_flower":1},"minecraft:crafted":{"minecraft:oak_planks":180,"tconstruct:round_plate":1,"minecraft:furnace":1,"tconstruct:broad_blade":1,"minecraft:bone_meal":12,"byg:pine_planks":4,"minecraft:spruce_fence":30,"minecraft:glass":24,"minecraft:iron_axe":1,"minecraft:stone_pickaxe":3,"tconstruct:seared_brick":65,"minecraft:chest":3,"tconstruct:small_axe_head":1,"tconstruct:tough_handle":1,"minecraft:wheat":144,"minecraft:crafting_table":3,"minecraft:spruce_planks":112,"travelersbackpack:backpack_tank":2,"minecraft:wooden_pickaxe":1,"tconstruct:tool_handle":1,"minecraft:birch_planks":16,"minecraft:stone_axe":1,"minecraft:bread":48,"minecraft:air":0,"minecraft:oak_boat":1,"minecraft:wooden_hoe":1,"minecraft:shield":1,"minecraft:stick":68,"minecraft:iron_ingot":21,"minecraft:iron_pickaxe":2,"minecraft:wooden_axe":1,"minecraft:iron_shovel":2,"minecraft:torch":132,"tconstruct:mattock":1},"minecraft:mined":{"mysticalagriculture:prosperity_ore":7,"minecraft:mangrove_roots":1,"minecraft:granite":15,"minecraft:spruce_fence":1,"minecraft:grass_block":284,"minecraft:spruce_leaves":6,"mysticalagriculture:inferium_ore":8,"minecraft:hay_block":20,"minecraft:tall_seagrass":1,"minecraft:furnace":3,"minecraft:carrots":7,"minecraft:iron_ore":71,"minecraft:snow":6,"byg:tall_beach_grass":1,"minecraft:water_cauldron":1,"minecraft:stripped_oak_log":1,"byg:rocky_stone":7,"minecraft:stone":251,"minecraft:green_bed":2,"minecraft:smithing_table":1,"minecraft:podzol":2,"minecraft:red_bed":1,"byg:golden_spined_cactus":1,"minecraft:torch":1,"travelersbackpack:standard":1,"minecraft:clay":19,"minecraft:crafting_table":10,"minecraft:chest":2,"minecraft:dead_bush":5,"byg:mini_cactus":1,"byg:firecracker_flower_bush":6,"minecraft:oak_planks":10,"minecraft:sugar_cane":4,"minecraft:diorite":9,"minecraft:wall_torch":3,"minecraft:seagrass":3,"byg:soapstone":3,"minecraft:gray_wool":2,"byg:prickly_pear_cactus":1,"minecraft:coarse_dirt":7,"minecraft:birch_log":4,"minecraft:spruce_log":29,"vampirism:med_chair":1,"byg:red_rock":60,"byg:leaf_pile":1,"minecraft:light_gray_wool":1,"byg:purple_amaranth":1,"minecraft:mangrove_leaves":1,"byg:windswept_sand":1,"minecraft:grass":79,"minecraft:coal_ore":89,"minecraft:oak_log":46,"minecraft:gravel":261,"minecraft:dirt":129,"minecraft:sand":159,"tconstruct:crafting_station":2,"tconstruct:seared_heater":1,"minecraft:oak_leaves":36,"minecraft:fern":2},"minecraft:killed":{"vampirism:vampire":4,"vampirism:advanced_vampire":1,"minecraft:spider":11,"enemyexpansion:equestrian":2,"minecraft:slime":1,"enemyexpansion:direwolf":6,"minecraft:horse":1,"minecraft:skeleton":9,"vampirism:advanced_hunter":3,"alexsmobs:skelewag":1,"enemyexpansion:goblin":1,"enemyexpansion:scorpion":2,"minecraft:husk":6,"enemyexpansion:sprinter":6,"alexsmobs:mantis_shrimp":1,"vampirism:hunter":3,"minecraft:sheep":4,"minecraft:trader_llama":1,"alexsmobs:catfish":2,"minecraft:pillager":11,"enemyexpansion:meature":3,"alexsmobs:cockroach":1,"minecraft:zombie":5,"enemyexpansion:botfly":2,"enemyexpansion:huntsman":1,"enemyexpansion:wasp":1,"enemyexpansion:slugger":1},"minecraft:killed_by":{"minecraft:husk":1,"vampirism:hunter_trainer":2,"vampirism:advanced_hunter":4,"minecraft:iron_golem":2,"enemyexpansion:meature":1,"enemyexpansion:scorpion":1,"vampirism:hunter":1,"enemyexpansion:invisicreeper":2}},"DataVersion":3120}