{
  "tconstruct:tools/materials_and_you": {
    "criteria": {
      "crafted_book": "2024-05-28 22:59:30 +0000"
    },
    "done": true
  },
  "tconstruct:internal/starting_book": {
    "criteria": {
      "tick": "2024-05-28 22:59:30 +0000"
    },
    "done": true
  },
  "byg:root": {
    "criteria": {
      "tick": "2024-05-28 22:59:30 +0000"
    },
    "done": true
  },
  "byg:adventure/oh_the_biomes_youll_go": {
    "criteria": {
      "byg:zelkova_forest": "2024-05-28 22:59:47 +0000"
    },
    "done": false
  },
  "botania:recipes/botania/lexicon": {
    "criteria": {
      "has_item": "2024-05-28 22:59:46 +0000"
    },
    "done": true
  },
  "modonomicon:modonomicon/root": {
    "criteria": {
      "modonomicon_present": "2024-05-28 22:59:30 +0000"
    },
    "done": true
  },
  "mowziesmobs:root": {
    "criteria": {
      "custom_test_name": "2024-05-28 22:59:30 +0000"
    },
    "done": true
  },
  "minecraft:adventure/adventuring_time": {
    "criteria": {
      "minecraft:taiga": "2024-05-28 22:59:31 +0000"
    },
    "done": false
  },
  "DataVersion": 3120
}